Date,Impressions,CTR,Clicks,CPC,Cost,ROI,Revenue,Device,Market
2023-01-01,2555856,0.234,598070,1.623,970667.61,0.967,938635.579,Desktop,AU
2023-01-01,4090635,0.476,1947142,2.313,4503739.446,1.227,5526088.3,Desktop,US
2023-01-02,7222235,0.264,1906670,2.003,3819060.01,1.408,5377236.494,Desktop,CA
2023-01-03,790907,0.423,334553,0.66,220804.98,1.049,231624.424,Desktop,TR
2023-01-03,5107268,0.472,2410630,0.63,1518696.9,1.094,1661454.409,Desktop,UK
2023-01-04,6290383,0.83,5221017,0.483,2521751.211,1.059,2670534.532,Mobile,VN
2023-01-05,6342081,0.034,215630,1.401,302097.63,1.329,401487.75,Desktop,BR
2023-01-06,2730789,0.643,1755897,1.976,3469652.472,0.774,2685511.013,Desktop,AR
2023-01-06,8399994,0.528,4435196,2.116,9384874.736,1.358,12744659.891,Mobile,TH
2023-01-07,8179853,0.228,1865006,0.816,1521844.896,1.097,1669463.851,Mobile,SG
2023-01-08,4490820,0.32,1437062,1.98,2845382.76,0.882,2509627.594,Mobile,RU
2023-01-09,5156253,0.118,608437,0.593,360803.141,1.539,555276.034,Desktop,MY
2023-01-09,2406344,0.388,933661,1.977,1845847.797,1.153,2128262.51,Desktop,TH
2023-01-10,618371,0.647,400086,1.606,642538.116,1.286,826304.017,Mobile,GR
2023-01-11,5322462,0.961,5114885,1.486,7600719.11,0.88,6688632.817,Mobile,FR
2023-01-11,5527119,0.905,5002042,0.76,3801551.92,1.031,3919400.03,Desktop,JP
2023-01-12,133530,0.893,119242,2.262,269725.404,1.014,273501.56,Desktop,AU
2023-01-13,3171689,0.891,2825974,0.8,2260779.2,0.767,1734017.646,Desktop,VN
2023-01-14,8699569,0.285,2479377,0.455,1128116.535,1.526,1721505.832,Desktop,JP
2023-01-14,8781032,0.791,6945796,1.725,11981498.1,1.121,13431259.37,Mobile,FR
2023-01-15,4270726,0.971,4146874,0.135,559827.99,1.135,635404.769,Desktop,DE
2023-01-16,1339109,0.236,316029,0.688,217427.952,1.239,269393.233,Mobile,NL
2023-01-17,685010,0.931,637744,0.503,320785.232,1.271,407718.03,Desktop,US
2023-01-17,5132148,0.47,2412109,0.535,1290478.315,1.348,1739564.769,Mobile,SG
2023-01-18,345343,0.338,116725,0.848,98982.8,1.112,110068.874,Mobile,MX
2023-01-19,9331019,0.921,8593868,0.165,1417988.22,0.876,1242157.681,Mobile,IN
2023-01-19,291894,0.961,280510,1.682,471817.82,0.814,384059.705,Mobile,IT
2023-01-20,7760369,0.254,1971133,1.315,2592039.895,1.054,2732010.049,Desktop,PT
2023-01-21,4629776,0.984,4555699,0.955,4350692.545,1.369,5956098.094,Desktop,SE
2023-01-22,2699680,0.892,2408114,1.44,3467684.16,1.368,4743791.931,Mobile,GR
2023-01-22,6854499,0.734,5031202,2.266,11400703.732,0.934,10648257.286,Desktop,CN
2023-01-23,7088834,0.782,5543468,1.334,7394986.312,0.921,6810782.393,Desktop,PH
2023-01-24,2522665,0.206,519668,1.924,999841.232,1.151,1150817.258,Mobile,JP
2023-01-25,6800833,0.065,442054,1.973,872172.542,1.387,1209703.316,Desktop,CN
2023-01-25,9119752,0.692,6310868,1.602,10110010.536,1.039,10504300.947,Desktop,GR
2023-01-26,7355184,0.127,934108,0.963,899546.004,1.191,1071359.291,Mobile,SG
2023-01-27,6883782,0.747,5142185,1.384,7116784.04,1.238,8810578.642,Desktop,AE
2023-01-28,3819137,0.688,2627566,0.649,1705290.334,0.783,1335242.332,Desktop,SA
2023-01-28,7156132,0.994,7113195,0.401,2852391.195,1.278,3645355.947,Desktop,MX
2023-01-29,2447602,0.413,1010859,1.031,1042195.629,1.266,1319419.666,Mobile,US
2023-01-30,6091421,0.399,2430476,2.107,5121012.932,1.038,5315611.423,Mobile,BE
2023-01-30,234486,0.896,210099,0.726,152531.874,1.117,170378.103,Desktop,NO
2023-01-31,363836,0.747,271785,0.128,34788.48,1.035,36006.077,Desktop,UK
2023-02-01,157897,0.671,105948,0.118,12501.864,0.977,12214.321,Desktop,NL
2023-02-02,1472269,0.475,699327,1.206,843388.362,0.936,789411.507,Desktop,PH
2023-02-02,1334378,0.231,308241,0.412,126995.292,1.292,164077.917,Desktop,NO
2023-02-03,811132,0.792,642416,1.966,1262989.856,1.477,1865436.017,Mobile,GR
2023-02-04,5086498,0.031,157681,1.483,233840.923,1.359,317789.814,Mobile,UK
2023-02-05,8605941,0.508,4371818,1.835,8022286.03,1.197,9602676.378,Desktop,JP
2023-02-05,3339094,0.703,2347383,0.28,657267.24,1.021,671069.852,Desktop,AU
2023-02-06,8926090,0.966,8622602,0.721,6216896.042,1.134,7049960.112,Desktop,BE
2023-02-07,730546,0.763,557406,0.2,111481.2,0.921,102674.185,Desktop,KR
2023-02-07,8318826,0.977,8127493,1.624,13199048.632,1.281,16907981.298,Mobile,CA
2023-02-08,199317,0.831,165632,0.167,27660.544,1.21,33469.258,Mobile,PT
2023-02-09,6326104,0.028,177130,0.408,72269.04,1.393,100670.773,Mobile,SA
2023-02-10,1833374,0.963,1765539,2.127,3755301.453,1.504,5647973.385,Desktop,GR
2023-02-10,85621,0.716,61304,2.123,130148.392,0.874,113749.695,Mobile,JP
2023-02-11,9696476,0.146,1415685,0.334,472838.79,0.955,451561.044,Mobile,NO
2023-02-12,4452400,0.727,3236894,0.613,1984216.022,1.302,2583449.261,Mobile,TR
2023-02-13,7330419,0.272,1993873,0.265,528376.345,1.07,565362.689,Mobile,RU
2023-02-13,8055258,0.641,5163420,1.314,6784733.88,1.165,7904214.97,Mobile,ZA
2023-02-14,3994202,0.935,3734578,0.976,3644948.128,1.295,4720207.826,Desktop,BR
2023-02-15,6043468,0.951,5747338,0.695,3994399.91,1.273,5084871.085,Desktop,AT
2023-02-16,4769422,0.836,3987236,2.24,8931408.64,1.542,13772232.123,Desktop,SA
2023-02-16,3895617,0.047,183093,1.946,356298.978,1.007,358793.071,Desktop,PT
2023-02-17,6601446,0.445,2937643,0.203,596341.529,0.822,490192.737,Desktop,IT
2023-02-18,7314089,0.839,6136520,1.487,9125005.24,1.03,9398755.397,Desktop,PT
2023-02-18,505353,0.106,53567,2.039,109223.113,1.013,110643.013,Mobile,EG
2023-02-19,905664,0.99,896607,0.711,637487.577,1.483,945394.077,Desktop,TH
2023-02-20,2106032,0.44,926654,1.48,1371447.92,1.371,1880255.098,Desktop,AR
2023-02-21,9743801,0.469,4569842,2.08,9505271.36,1.529,14533559.909,Mobile,DK
2023-02-21,1476808,0.881,1301067,1.5,1951600.5,1.323,2581967.461,Mobile,US
2023-02-22,2111055,0.722,1524181,0.923,1406819.063,1.212,1705064.704,Mobile,FI
2023-02-23,8615643,0.389,3351485,0.156,522831.66,0.751,392646.577,Desktop,AU
2023-02-24,1675981,0.839,1406148,1.084,1524264.432,1.262,1923621.713,Mobile,IN
2023-02-24,274054,0.155,42478,2.068,87844.504,1.006,88371.571,Desktop,AR
2023-02-25,6328806,0.544,3442870,2.066,7112969.42,1.407,10007947.974,Mobile,BR
2023-02-26,7110321,0.281,1998000,1.579,3154842.0,1.358,4284275.436,Mobile,IL
2023-02-26,6791222,0.489,3320907,1.916,6362857.812,1.435,9130700.96,Mobile,BR
2023-02-27,7982844,0.529,4222924,1.067,4505859.908,0.853,3843498.502,Mobile,IT
2023-02-28,3986357,0.306,1219825,2.103,2565291.975,0.869,2229238.726,Desktop,MX
2023-03-01,2310500,0.973,2248116,0.82,1843455.12,1.017,1874793.857,Desktop,CA
2023-03-01,4454828,0.191,850872,1.181,1004879.832,0.762,765718.432,Desktop,BE
2023-03-02,6808496,0.291,1981272,0.311,616175.592,0.86,529911.009,Mobile,NL
2023-03-03,2154815,0.752,1620420,1.475,2390119.5,1.167,2789269.457,Desktop,BR
2023-03-04,2007715,0.738,1481693,1.654,2450720.222,1.042,2553650.471,Mobile,ID
2023-03-04,8629354,0.991,8551689,2.139,18292062.771,1.096,20048100.797,Mobile,NZ
2023-03-05,7392801,0.761,5625921,1.71,9620324.91,1.28,12314015.885,Desktop,GR
2023-03-06,3664297,0.75,2748222,1.888,5188643.136,1.125,5837223.528,Mobile,US
2023-03-07,2143532,0.806,1727686,1.605,2772936.03,1.097,3041910.825,Mobile,PH
2023-03-07,6768805,0.993,6721423,0.482,3239725.886,1.409,4564773.773,Mobile,SE
2023-03-08,3814434,0.871,3322372,1.752,5820795.744,1.475,8585673.722,Desktop,MY
2023-03-09,9438896,0.724,6833760,0.233,1592266.08,1.362,2168666.401,Desktop,RU
2023-03-09,28465,0.098,2789,0.471,1313.619,1.152,1513.289,Mobile,VN
2023-03-10,4246319,0.622,2641210,0.636,1679809.56,0.768,1290093.742,Desktop,NZ
2023-03-11,8503676,0.911,7746848,1.015,7863050.72,1.088,8554999.183,Desktop,AU
2023-03-12,7671684,0.196,1503650,2.238,3365168.7,0.799,2688769.791,Desktop,ZA
2023-03-12,5500673,0.575,3162886,0.178,562993.708,0.879,494871.469,Desktop,CA
2023-03-13,3997498,0.573,2290566,0.406,929969.796,1.032,959728.829,Desktop,AU
2023-03-14,410039,0.004,1640,1.627,2668.28,0.966,2577.558,Mobile,IN
2023-03-15,3969038,0.612,2429051,1.972,4790088.572,0.854,4090735.64,Mobile,CH
2023-03-15,6849417,0.05,342470,1.976,676720.72,1.295,876353.332,Desktop,ID
2023-03-16,695139,0.4,278055,1.322,367588.71,1.345,494406.815,Mobile,IL
2023-03-17,6932353,0.678,4700135,2.131,10015987.685,1.189,11909009.357,Mobile,PL
2023-03-17,7813330,0.819,6399117,2.183,13969272.411,1.355,18928364.117,Desktop,FR
2023-03-18,4488761,0.201,902240,0.265,239093.6,1.251,299106.094,Mobile,MY
2023-03-19,162201,0.499,80938,0.405,32779.89,1.249,40942.083,Desktop,CN
2023-03-20,2798783,0.282,789256,1.247,984202.232,1.014,997981.063,Mobile,UK
2023-03-20,5646801,0.639,3608305,1.998,7209393.39,0.971,7000320.982,Desktop,BE
2023-03-21,317708,0.642,203968,1.792,365510.656,1.135,414854.595,Desktop,JP
2023-03-22,2776351,0.066,183239,2.111,386817.529,1.27,491258.262,Mobile,AR
2023-03-23,9550064,0.212,2024613,0.993,2010440.709,0.939,1887803.826,Desktop,ES
2023-03-23,8667176,0.705,6110359,0.123,751574.157,0.974,732033.229,Desktop,SA
2023-03-24,2265861,0.759,1719788,1.474,2534967.512,1.418,3594583.932,Mobile,AT
2023-03-25,7756897,0.128,992882,0.75,744661.5,1.104,822106.296,Desktop,UK
2023-03-26,3964635,0.05,198231,0.127,25175.337,1.322,33281.796,Mobile,TR
2023-03-26,5501189,0.736,4048875,0.469,1898922.375,1.243,2360360.512,Mobile,PT
2023-03-27,7312298,0.804,5879087,0.892,5244145.604,1.115,5847222.348,Desktop,NO
2023-03-28,4512947,0.824,3718668,1.813,6741945.084,1.544,10409563.21,Mobile,ES
2023-03-28,4036506,0.079,318883,0.251,80039.633,1.233,98688.867,Mobile,EG
2023-03-29,5466691,0.159,869203,1.18,1025659.54,0.901,924119.246,Desktop,AE
2023-03-30,2635258,0.006,15811,1.478,23368.658,1.227,28673.343,Mobile,DK
2023-03-31,5766487,0.512,2952441,1.49,4399137.09,0.834,3668880.333,Desktop,CA
2023-03-31,4689486,0.819,3840689,2.225,8545533.025,0.964,8237893.836,Desktop,TH
2023-04-01,6210638,0.473,2937631,1.008,2961132.048,1.493,4420970.148,Desktop,ZA
2023-04-02,4901756,0.628,3078302,1.199,3690884.098,1.264,4665277.5,Desktop,CA
2023-04-03,7434411,0.746,5546070,0.963,5340865.41,1.307,6980511.091,Desktop,SE
2023-04-03,6896604,0.249,1717254,1.694,2909028.276,1.278,3717738.137,Mobile,BR
2023-04-04,7963684,0.334,2659870,0.924,2457719.88,1.302,3199951.284,Mobile,IN
2023-04-05,9105781,0.362,3296292,0.567,1868997.564,1.535,2868911.261,Mobile,RU
2023-04-05,9661290,0.332,3207548,0.304,975094.592,1.284,1252021.456,Mobile,TH
2023-04-06,7486554,0.996,7456607,0.236,1759759.252,1.445,2542852.119,Desktop,JP
2023-04-07,4177087,0.201,839594,1.955,1641406.27,1.361,2233953.933,Mobile,PH
2023-04-08,5295544,0.192,1016744,0.953,968957.032,1.484,1437932.235,Mobile,DK
2023-04-08,9165827,0.824,7552641,0.723,5460559.443,1.198,6541750.213,Desktop,PL
2023-04-09,201321,0.52,104686,1.756,183828.616,1.482,272434.009,Mobile,NZ
2023-04-10,2306554,0.118,272173,0.486,132276.078,0.892,117990.262,Mobile,IN
2023-04-11,5743414,0.299,1717280,2.125,3649220.0,1.142,4167409.24,Desktop,SE
2023-04-11,6175429,0.49,3025960,2.198,6651060.08,0.761,5061456.721,Mobile,RU
2023-04-12,114377,0.937,107171,1.353,145002.363,1.144,165882.703,Mobile,MY
2023-04-13,7476794,0.765,5719747,0.577,3300294.019,1.032,3405903.428,Desktop,DK
2023-04-14,2841036,0.7,1988725,1.231,2448120.475,0.814,1992770.067,Mobile,AE
2023-04-14,8166896,0.082,669685,1.37,917468.45,0.773,709203.112,Mobile,FI
2023-04-15,6263856,0.277,1735088,2.292,3976821.696,1.081,4298944.253,Desktop,AT
2023-04-16,7073568,0.604,4272435,0.481,2055041.235,1.441,2961314.42,Mobile,AE
2023-04-16,2861519,0.816,2334999,2.002,4674667.998,0.911,4258622.546,Mobile,TR
2023-04-17,6469330,0.72,4657917,2.172,10116995.724,1.287,13020573.497,Mobile,CA
2023-04-18,1559257,0.751,1171002,1.05,1229552.1,0.818,1005773.618,Desktop,KR
2023-04-19,3504026,0.819,2869797,2.174,6238938.678,0.78,4866372.169,Mobile,AU
2023-04-19,5377804,0.048,258134,1.668,430567.512,0.935,402580.624,Desktop,CN
2023-04-20,2803914,0.521,1460839,0.163,238116.757,1.413,336458.978,Desktop,SA
2023-04-21,6796966,0.793,5389994,0.299,1611608.206,1.192,1921036.982,Mobile,EG
2023-04-22,8912962,0.255,2272805,2.282,5186541.01,1.267,6571347.46,Desktop,NL
2023-04-22,9289759,0.737,6846552,2.088,14295600.576,1.169,16711557.073,Desktop,BE
2023-04-23,7806438,0.44,3434832,0.11,377831.52,1.083,409191.536,Desktop,AE
2023-04-24,6097171,0.293,1786471,1.482,2647550.022,1.014,2684615.722,Mobile,TH
2023-04-24,8600825,0.857,7370907,0.607,4474140.549,1.126,5037882.258,Desktop,FR
2023-04-25,6064798,0.289,1752726,0.294,515301.444,1.175,605479.197,Mobile,AR
2023-04-26,6234549,0.257,1602279,1.566,2509168.914,0.761,1909477.544,Mobile,TH
2023-04-27,6061014,0.053,321233,1.911,613876.263,1.281,786375.493,Desktop,IN
2023-04-27,1421350,0.706,1003473,0.837,839906.901,1.121,941535.636,Mobile,IT
2023-04-28,8149182,0.905,7375009,2.003,14772143.027,0.839,12393828.0,Desktop,VN
2023-04-29,2556329,0.118,301646,0.356,107385.976,1.003,107708.134,Mobile,SG
2023-04-30,8152077,0.393,3203766,1.329,4257805.014,0.953,4057688.178,Mobile,JP
2023-04-30,4084569,0.119,486063,0.994,483146.622,0.784,378786.952,Desktop,DK
2023-05-01,1478209,0.947,1399863,0.688,963105.744,1.442,1388798.483,Desktop,ID
2023-05-02,2206082,0.622,1372183,2.084,2859629.372,0.962,2750963.456,Desktop,PT
2023-05-03,5765958,0.783,4514745,0.834,3765297.33,1.141,4296204.254,Desktop,PH
2023-05-03,817460,0.746,609825,0.121,73788.825,1.13,83381.372,Mobile,PT
2023-05-04,1744854,0.124,216361,1.639,354615.679,1.416,502135.801,Desktop,DE
2023-05-05,8307374,0.188,1561786,0.643,1004228.398,1.349,1354704.109,Mobile,AE
2023-05-05,5621270,0.606,3406489,1.977,6734628.753,1.42,9563172.829,Mobile,ID
2023-05-06,2596549,0.9,2336894,1.31,3061331.14,1.408,4310354.245,Mobile,SG
2023-05-07,517199,0.237,122576,0.914,112034.464,1.212,135785.77,Mobile,GR
2023-05-08,1429146,0.391,558796,1.465,818636.14,1.12,916872.477,Desktop,AU
2023-05-08,5631675,0.665,3745063,1.15,4306822.45,1.368,5891733.112,Mobile,CH
2023-05-09,4890187,0.974,4763042,0.949,4520126.858,0.928,4194677.724,Mobile,VN
2023-05-10,3538800,0.189,668833,0.964,644755.012,1.173,756297.629,Mobile,PH
2023-05-11,3031380,0.763,2312942,1.38,3191859.96,1.17,3734476.153,Desktop,VN
2023-05-11,9615943,0.689,6625384,0.802,5313557.968,0.783,4160515.889,Mobile,GR
2023-05-12,8529398,0.323,2754995,0.726,2000126.37,1.353,2706170.979,Desktop,CA
2023-05-13,866845,0.416,360607,0.535,192924.745,1.382,266621.998,Mobile,MY
2023-05-13,5291352,0.243,1285798,0.996,1280654.808,1.346,1723761.372,Desktop,FI
2023-05-14,5260040,0.214,1125648,0.905,1018711.44,1.489,1516861.334,Desktop,BE
2023-05-15,9612864,0.217,2085991,1.935,4036392.585,0.832,3358278.631,Mobile,AT
2023-05-16,999070,0.34,339683,0.982,333568.706,1.404,468330.463,Mobile,SA
2023-05-16,8493841,0.611,5189736,1.194,6196544.784,1.045,6475389.299,Mobile,UK
2023-05-17,6667706,0.485,3233837,0.119,384826.603,1.052,404837.586,Mobile,SE
2023-05-18,5331677,0.615,3278981,0.311,1019763.091,0.78,795415.211,Desktop,RU
2023-05-19,5640603,0.273,1539884,0.872,1342778.848,1.146,1538824.56,Mobile,AU
2023-05-19,66136,0.232,15343,1.032,15833.976,1.429,22626.752,Desktop,KR
2023-05-20,5700372,0.844,4811113,1.294,6225580.222,1.163,7240349.798,Desktop,KR
2023-05-21,45236,0.172,7780,0.78,6068.4,1.336,8107.382,Desktop,IT
2023-05-22,9351175,1.0,9351175,1.673,15644515.775,1.359,21260896.938,Desktop,AT
2023-05-22,363410,0.829,301266,0.976,294035.616,0.989,290801.224,Mobile,IT
2023-05-23,2175413,0.396,861463,1.13,973453.19,1.522,1481595.755,Desktop,US
2023-05-24,3226365,0.418,1348620,1.485,2002700.7,1.394,2791764.776,Desktop,CH
2023-05-24,7665832,0.799,6124999,1.947,11925373.053,0.775,9242164.116,Mobile,SE
2023-05-25,8703039,0.807,7023352,0.952,6686231.104,1.346,8999667.066,Desktop,AT
2023-05-26,966468,0.206,199092,2.089,415903.188,1.089,452918.572,Desktop,CA
2023-05-27,9449336,0.709,6699579,1.402,9392809.758,1.231,11562548.812,Desktop,PL
2023-05-27,3095860,0.999,3092764,2.104,6507175.456,1.246,8107940.618,Desktop,TR
2023-05-28,5258552,0.162,851885,1.755,1495058.175,1.106,1653534.342,Mobile,CA
2023-05-29,2223072,0.4,889228,0.431,383257.268,1.176,450710.547,Mobile,SA
2023-05-30,8359880,0.625,5224925,0.413,2157894.025,0.989,2134157.191,Desktop,PL
2023-05-30,7842199,0.1,784219,0.836,655607.084,1.474,966364.842,Mobile,IT
2023-05-31,6686734,0.19,1270479,0.89,1130726.31,1.033,1168040.278,Mobile,SA
2023-06-01,8588691,0.673,5780189,1.406,8126945.734,0.954,7753106.23,Desktop,BE
2023-06-01,2775586,0.984,2731176,0.601,1641436.776,1.446,2373517.578,Mobile,GR
2023-06-02,8967315,0.558,5003761,2.251,11263466.011,1.187,13369734.155,Mobile,IL
2023-06-03,9064604,0.622,5638183,0.87,4905219.21,0.752,3688724.846,Desktop,BE
2023-06-04,5886525,0.945,5562766,0.295,1641015.97,0.864,1417837.798,Desktop,MY
2023-06-04,547424,0.556,304367,0.879,267538.593,1.049,280647.984,Desktop,SG
2023-06-05,672719,0.958,644464,2.225,1433932.4,1.352,1938676.605,Mobile,FR
2023-06-06,1282625,0.887,1137688,1.744,1984127.872,0.758,1503968.927,Desktop,NL
2023-06-07,9825165,0.03,294754,0.382,112596.028,1.446,162813.856,Desktop,BE
2023-06-07,7856891,0.701,5507680,0.375,2065380.0,0.769,1588277.22,Desktop,ZA
2023-06-08,325499,0.549,178698,1.774,317010.252,1.042,330324.683,Desktop,CA
2023-06-09,6774836,0.355,2405066,0.795,1912027.47,1.192,2279136.744,Mobile,TH
2023-06-10,1144471,0.717,820585,1.96,1608346.6,1.18,1897848.988,Desktop,PH
2023-06-10,2276469,0.667,1518404,1.425,2163725.7,1.49,3223951.293,Desktop,BE
2023-06-11,204972,0.367,75224,2.316,174218.784,1.467,255578.956,Mobile,RU
2023-06-12,6060303,0.91,5514875,1.96,10809155.0,1.461,15792175.455,Desktop,CH
2023-06-12,2649790,0.717,1899899,0.974,1850501.626,1.222,2261312.987,Mobile,PT
2023-06-13,5573660,0.827,4609416,0.668,3079089.888,1.092,3362366.158,Desktop,NL
2023-06-14,4548426,0.523,2378826,0.623,1482008.598,1.109,1643547.535,Desktop,IT
2023-06-15,2682932,0.715,1918296,2.339,4486894.344,1.476,6622656.052,Mobile,PH
2023-06-15,193571,0.679,131434,0.572,75180.248,1.416,106455.231,Mobile,BR
2023-06-16,7314040,0.703,5141770,1.305,6710009.85,0.992,6656329.771,Desktop,JP
2023-06-17,8678203,0.228,1978630,0.296,585674.48,1.401,820529.946,Desktop,MX
2023-06-18,509048,0.49,249433,2.028,505850.124,1.054,533166.031,Mobile,DE
2023-06-18,1964682,0.169,332031,0.801,265956.831,0.873,232180.313,Mobile,DE
2023-06-19,7924265,0.549,4350421,1.028,4472232.788,1.351,6041986.497,Desktop,ES
2023-06-20,1934261,0.573,1108331,1.613,1787737.903,1.247,2229309.165,Desktop,VN
2023-06-20,1128620,0.596,672657,0.301,202469.757,1.364,276168.749,Desktop,NO
2023-06-21,7233992,0.201,1454032,1.9,2762660.8,1.084,2994724.307,Mobile,BE
2023-06-22,3016703,0.562,1695387,1.072,1817454.864,1.187,2157318.924,Desktop,AR
2023-06-23,1721118,0.193,332175,0.127,42186.225,1.098,46320.475,Desktop,MX
2023-06-23,6801301,0.229,1557497,0.597,929825.709,1.373,1276650.698,Mobile,NO
2023-06-24,1842364,0.598,1101733,1.71,1883963.43,1.514,2852320.633,Mobile,NL
2023-06-25,1778864,0.62,1102895,1.931,2129690.245,1.139,2425717.189,Desktop,IN
2023-06-26,8904866,0.819,7293085,0.458,3340232.93,0.89,2972807.308,Desktop,CH
2023-06-26,7631902,0.71,5418650,0.713,3863497.45,1.465,5660023.764,Desktop,MY
2023-06-27,7673864,0.533,4090169,1.45,5930745.05,1.274,7555769.194,Desktop,IN
2023-06-28,5470259,0.927,5070930,1.105,5603377.65,1.407,7883952.354,Mobile,RU
2023-06-29,1179564,0.767,904725,0.655,592594.875,0.922,546372.475,Desktop,IN
2023-06-29,685836,0.046,31548,1.186,37415.928,1.549,57957.272,Desktop,ZA
2023-06-30,305871,0.844,258155,1.501,387490.655,0.786,304567.655,Desktop,JP
2023-07-01,4034988,0.753,3038345,0.429,1303450.005,1.475,1922588.757,Mobile,AE
2023-07-01,1053378,0.003,3160,0.878,2774.48,1.308,3629.02,Desktop,BE
2023-07-02,5797888,0.765,4435384,1.631,7234111.304,0.922,6669850.622,Mobile,CA
2023-07-03,9245348,0.813,7516467,2.114,15889811.238,1.538,24438529.684,Desktop,IT
2023-07-04,226016,0.644,145554,0.485,70593.69,0.85,60004.636,Mobile,NZ
2023-07-04,5144015,0.156,802466,2.011,1613759.126,0.805,1299076.096,Mobile,NL
2023-07-05,794851,0.696,553216,0.393,217413.888,0.954,207412.849,Mobile,PH
2023-07-06,750508,0.002,1501,1.582,2374.582,0.876,2080.134,Mobile,CH
2023-07-07,3523565,0.596,2100044,0.838,1759836.872,1.38,2428574.883,Desktop,SA
2023-07-07,7038507,0.349,2456438,0.12,294772.56,0.861,253799.174,Mobile,DE
2023-07-08,1504665,0.454,683117,0.235,160532.495,1.416,227314.013,Mobile,CA
2023-07-09,2415666,0.784,1893882,0.921,1744265.322,1.501,2618142.248,Mobile,MY
2023-07-09,4815675,0.856,4122217,1.126,4641616.342,0.794,3685443.376,Mobile,SE
2023-07-10,2127284,0.736,1565681,2.221,3477377.501,1.236,4298038.591,Desktop,ID
2023-07-11,7964930,0.799,6363979,1.678,10678756.762,0.826,8820653.085,Desktop,AU
2023-07-12,9324497,0.913,8513265,1.058,9007034.37,1.336,12033397.918,Mobile,TR
2023-07-12,2905548,0.228,662464,2.093,1386537.152,0.784,1087045.127,Mobile,KR
2023-07-13,7621189,0.121,922163,0.275,253594.825,0.935,237111.161,Mobile,NO
2023-07-14,7023500,0.407,2858564,0.103,294432.092,1.03,303265.055,Desktop,NL
2023-07-15,1982840,0.685,1358245,1.213,1647551.185,1.274,2098980.21,Desktop,IN
2023-07-15,1744230,0.312,544199,1.271,691676.929,0.886,612825.759,Desktop,DE
2023-07-16,1284104,0.062,79614,1.212,96492.168,1.029,99290.441,Mobile,SE
2023-07-17,9128445,0.298,2720276,2.327,6330082.252,1.407,8906425.729,Desktop,US
2023-07-18,7556979,0.005,37784,1.576,59547.584,1.077,64132.748,Mobile,BR
2023-07-18,3784921,0.665,2516972,1.236,3110977.392,1.029,3201195.736,Mobile,US
2023-07-19,979313,0.667,653201,0.184,120188.984,1.487,178721.019,Mobile,BR
2023-07-20,7372849,0.487,3590577,0.661,2373371.397,1.513,3590910.924,Mobile,NL
2023-07-20,9582323,0.309,2960937,1.003,2969819.811,0.786,2334278.371,Mobile,BR
2023-07-21,1024704,0.114,116816,2.051,239589.616,1.16,277923.955,Desktop,BR
2023-07-22,496476,0.169,83904,1.054,88434.816,1.062,93917.775,Desktop,KR
2023-07-23,3638615,0.968,3522179,2.148,7565640.492,1.316,9956382.887,Mobile,GR
2023-07-23,6100006,0.664,4050403,0.951,3851933.253,1.057,4071493.448,Desktop,DE
2023-07-24,736771,0.689,507635,1.708,867040.58,0.863,748256.021,Desktop,SG
2023-07-25,1493627,0.702,1048526,1.099,1152330.074,1.13,1302132.984,Desktop,GR
2023-07-26,3346276,0.029,97042,2.245,217859.29,1.48,322431.749,Mobile,IT
2023-07-26,5796746,0.123,712999,1.728,1232062.272,1.06,1305986.008,Desktop,BR
2023-07-27,2053264,0.484,993779,0.805,799992.095,0.846,676793.312,Desktop,IT
2023-07-28,3184894,0.502,1598816,1.175,1878608.8,1.361,2556786.577,Mobile,SG
2023-07-28,6921324,0.146,1010513,0.19,191997.47,0.784,150526.016,Mobile,SA
2023-07-29,8287580,0.561,4649332,0.512,2380457.984,1.54,3665905.295,Desktop,SG
2023-07-30,7059584,0.337,2379079,0.764,1817616.356,0.835,1517709.657,Mobile,ES
2023-07-31,5673107,0.442,2507513,0.227,569205.451,1.545,879422.422,Mobile,NZ
2023-07-31,1989317,0.942,1873936,1.595,2988927.92,1.369,4091842.322,Desktop,MX
2023-08-01,6597015,0.888,5858149,0.34,1991770.66,1.244,2477762.701,Desktop,CH
2023-08-02,3991011,0.047,187577,1.95,365775.15,1.067,390282.085,Mobile,AE
2023-08-03,914209,0.35,319973,1.082,346210.786,0.769,266236.094,Desktop,AE
2023-08-03,5304432,0.746,3957106,1.866,7383959.796,1.025,7568558.791,Desktop,ZA
2023-08-04,6993039,0.152,1062941,1.025,1089514.525,1.416,1542752.567,Mobile,CA
2023-08-05,2784698,0.232,646049,1.876,1211987.924,1.319,1598612.072,Mobile,KR
2023-08-06,1253292,0.157,196766,0.845,166267.27,0.843,140163.309,Desktop,NZ
2023-08-06,7044500,0.682,4804349,1.991,9565458.859,1.418,13563820.662,Desktop,FI
2023-08-07,1255992,0.797,1001025,0.876,876897.9,1.476,1294301.3,Mobile,FI
2023-08-08,4680805,0.565,2644654,2.006,5305175.924,1.219,6467009.451,Desktop,DE
2023-08-08,7829748,0.553,4329850,0.37,1602044.5,0.753,1206339.508,Desktop,FR
2023-08-09,8360915,0.075,627068,1.029,645252.972,0.77,496844.788,Desktop,BE
2023-08-10,7790616,0.52,4051120,1.109,4492692.08,1.188,5337318.191,Desktop,TH
2023-08-11,3374678,0.244,823421,0.445,366422.345,0.788,288740.808,Desktop,KR
2023-08-11,7997183,0.839,6709636,1.188,7971047.568,1.421,11326858.594,Desktop,CH
2023-08-12,425116,0.807,343068,1.552,532441.536,0.954,507949.225,Desktop,IT
2023-08-13,9603063,0.544,5224066,1.297,6775613.602,1.253,8489843.843,Desktop,IN
2023-08-14,676650,0.315,213144,2.312,492788.928,0.944,465192.748,Desktop,NL
2023-08-14,4616161,0.128,590868,1.417,837259.956,1.391,1164628.599,Desktop,RU
2023-08-15,5143837,0.706,3631548,2.124,7713407.952,1.188,9163528.647,Mobile,DK
2023-08-16,7911421,0.67,5300652,1.073,5687599.596,0.833,4737770.463,Desktop,PH
2023-08-16,4920580,0.854,4202175,1.443,6063738.525,1.071,6494263.96,Desktop,JP
2023-08-17,3309421,0.44,1456145,2.32,3378256.4,1.382,4668750.345,Desktop,TR
2023-08-18,8787996,0.261,2293666,1.612,3697389.592,1.522,5627426.959,Desktop,VN
2023-08-19,2549574,0.04,101982,1.761,179590.302,1.256,225565.419,Mobile,SG
2023-08-19,2574572,0.808,2080254,0.493,1025565.222,0.949,973261.396,Mobile,AR
2023-08-20,956053,0.851,813601,1.429,1162635.829,1.28,1488173.861,Mobile,TH
2023-08-21,3118766,0.618,1927397,1.282,2470922.954,1.518,3750861.044,Mobile,RU
2023-08-22,7717287,0.433,3341585,1.356,4531189.26,0.91,4123382.227,Desktop,PH
2023-08-22,6447419,0.901,5809124,1.57,9120324.68,1.52,13862893.514,Desktop,PH
2023-08-23,4557101,0.748,3408711,1.946,6633351.606,1.394,9246892.139,Mobile,CH
2023-08-24,6036827,0.502,3030487,1.578,4782108.486,1.101,5265101.443,Desktop,PL
2023-08-25,3738698,0.058,216844,2.148,465780.912,0.832,387529.719,Desktop,SA
2023-08-25,7415300,0.604,4478841,1.193,5343257.313,1.115,5957731.904,Desktop,AU
2023-08-26,2881306,0.292,841341,2.297,1932560.277,1.06,2048513.894,Desktop,UK
2023-08-27,9143714,0.526,4809593,0.158,759915.694,1.013,769794.598,Desktop,FI
2023-08-27,4104629,0.591,2425835,1.137,2758174.395,1.498,4131745.244,Desktop,NZ
2023-08-28,2897376,0.345,999594,1.167,1166526.198,1.538,1794117.293,Mobile,NZ
2023-08-29,9516197,0.333,3168893,0.418,1324597.274,1.274,1687536.927,Desktop,ZA
2023-08-30,5966996,0.027,161108,2.3,370548.4,1.133,419831.337,Mobile,CH
2023-08-30,8178320,0.304,2486209,1.569,3900861.921,1.058,4127111.912,Desktop,AE
2023-08-31,254346,0.773,196609,1.343,264045.887,0.958,252955.96,Mobile,MX
2023-09-01,1929953,0.777,1499573,1.075,1612040.975,1.282,2066636.53,Mobile,EG
2023-09-02,7334104,0.969,7106746,2.277,16182060.642,1.546,25017465.753,Desktop,TR
2023-09-02,3225780,0.587,1893532,2.015,3815466.98,0.952,3632324.565,Desktop,ZA
2023-09-03,3250910,0.491,1596196,2.137,3411070.852,1.067,3639612.599,Desktop,EG
2023-09-04,8508559,0.841,7155698,1.849,13230885.602,1.358,17967542.648,Desktop,PT
2023-09-04,3771,0.427,1610,1.052,1693.72,1.392,2357.658,Mobile,CN
2023-09-05,8013593,0.532,4263231,1.918,8176877.058,1.271,10392810.741,Mobile,PH
2023-09-06,1523036,0.393,598553,2.215,1325794.895,1.516,2009905.061,Desktop,US
2023-09-07,7529141,0.71,5345690,1.776,9493945.44,1.514,14373833.396,Desktop,DE
2023-09-07,6822267,0.023,156912,1.561,244939.632,0.903,221180.488,Desktop,FR
2023-09-08,8337434,0.151,1258952,1.975,2486430.2,0.969,2409350.864,Desktop,DK
2023-09-09,5434767,0.332,1804342,1.184,2136340.928,1.39,2969513.89,Desktop,US
2023-09-10,92586,0.101,9351,0.439,4105.089,1.49,6116.583,Desktop,MX
2023-09-10,7888066,0.516,4070242,1.744,7098502.048,1.037,7361146.624,Desktop,NL
2023-09-11,5283925,0.103,544244,0.159,86534.796,1.16,100380.363,Mobile,AT
2023-09-12,6903746,0.97,6696633,2.042,13674524.586,0.869,11883161.865,Mobile,UK
2023-09-13,7135882,0.492,3510853,1.926,6761902.878,1.443,9757425.853,Desktop,JP
2023-09-13,1865097,0.72,1342869,2.112,2836139.328,1.285,3644439.036,Mobile,BE
2023-09-14,5102332,0.823,4199219,1.686,7079883.234,1.12,7929469.222,Desktop,MX
2023-09-15,5112410,0.035,178934,1.284,229751.256,0.791,181733.243,Desktop,AE
2023-09-15,3436345,0.57,1958716,0.811,1588518.676,0.751,1192977.526,Desktop,NZ
2023-09-16,216843,0.608,131840,1.375,181280.0,1.005,182186.4,Mobile,MX
2023-09-17,7266414,0.499,3625940,0.801,2904377.94,1.034,3003126.79,Desktop,JP
2023-09-18,739938,0.496,367009,0.314,115240.826,1.402,161567.638,Mobile,FR
2023-09-18,6776967,0.898,6085716,0.921,5604944.436,0.934,5235018.103,Desktop,AE
2023-09-19,1618094,0.203,328473,1.74,571543.02,0.784,448089.728,Mobile,US
2023-09-20,1179136,0.771,909113,0.716,650924.908,1.532,997216.959,Desktop,US
2023-09-21,2364307,0.547,1293275,0.954,1233784.35,0.806,994430.186,Mobile,VN
2023-09-21,601659,0.434,261120,1.109,289582.08,1.114,322594.437,Mobile,PH
2023-09-22,4937502,0.023,113562,0.342,38838.204,0.9,34954.384,Mobile,TH
2023-09-23,5816983,0.424,2466400,1.888,4656563.2,1.438,6696137.882,Desktop,SE
2023-09-23,8351337,0.528,4409505,1.18,5203215.9,1.034,5380125.241,Desktop,VN
2023-09-24,2641184,0.752,1986170,1.134,2252316.78,1.187,2673500.018,Mobile,PT
2023-09-25,8230028,0.9,7407025,0.674,4992334.85,0.996,4972365.511,Mobile,IN
2023-09-26,4354151,0.024,104499,1.337,139715.163,1.282,179114.839,Desktop,ZA
2023-09-26,6791820,0.422,2866148,1.396,4001142.608,1.014,4057158.605,Mobile,IT
2023-09-27,5852091,0.151,883665,1.295,1144346.175,1.48,1693632.339,Mobile,RU
2023-09-28,67453,0.748,50454,1.258,63471.132,1.511,95904.88,Desktop,CA
2023-09-29,6240362,0.696,4343291,0.814,3535438.874,1.125,3977368.733,Desktop,DE
2023-09-29,9255318,0.26,2406382,2.128,5120780.896,1.37,7015469.828,Mobile,ZA
2023-09-30,8067851,0.341,2751137,0.112,308127.344,1.219,375607.232,Desktop,IN
2023-10-01,8921746,0.278,2480245,2.173,5389572.385,0.931,5017691.89,Mobile,SA
2023-10-02,7817921,0.626,4894018,1.466,7174630.388,1.412,10130578.108,Desktop,NL
2023-10-02,3400813,0.178,605344,2.121,1283934.624,1.18,1515042.856,Mobile,NO
2023-10-03,2041148,0.415,847076,0.412,348995.312,1.362,475331.615,Mobile,ZA
2023-10-04,8200474,0.89,7298421,2.005,14633334.105,1.506,22037801.162,Mobile,DK
2023-10-04,9637810,0.113,1089072,1.118,1217582.496,1.52,1850725.394,Desktop,BE
2023-10-05,4569479,0.314,1434816,1.044,1497947.904,1.434,2148057.294,Mobile,VN
2023-10-06,1490378,0.269,400911,0.969,388482.759,1.243,482884.069,Desktop,IN
2023-10-07,3848108,0.107,411747,0.922,379630.734,1.061,402788.209,Desktop,AR
2023-10-07,2618736,0.65,1702178,1.616,2750719.648,1.527,4200348.902,Mobile,VN
2023-10-08,8247426,0.707,5830930,0.337,1965023.41,1.459,2866969.155,Mobile,PH
2023-10-09,9521093,0.554,5274685,1.077,5680835.745,0.767,4357201.016,Mobile,NL
2023-10-10,2056238,0.131,269367,0.249,67072.383,1.321,88602.618,Desktop,EG
2023-10-10,2970823,0.709,2106313,1.171,2466492.523,0.835,2059521.257,Mobile,FR
2023-10-11,9764082,0.46,4491477,0.426,1913369.202,0.848,1622537.083,Mobile,IT
2023-10-12,7454745,0.759,5658151,0.177,1001492.727,0.846,847262.847,Desktop,AU
2023-10-12,9187598,0.782,7184701,0.735,5280755.235,1.147,6057026.255,Mobile,DK
2023-10-13,8351918,0.543,4535091,1.303,5909223.573,1.071,6328778.447,Mobile,EG
2023-10-14,1091058,0.215,234577,0.81,190007.37,0.84,159606.191,Desktop,AU
2023-10-15,9288564,0.867,8053184,0.366,2947465.344,1.483,4371091.105,Mobile,ES
2023-10-15,4628112,0.075,347108,0.394,136760.552,1.066,145786.748,Desktop,NL
2023-10-16,284401,0.276,78494,1.951,153141.794,0.979,149925.816,Mobile,SE
2023-10-17,6992111,0.915,6397781,1.33,8509048.73,1.313,11172380.982,Desktop,BE
2023-10-18,1444420,0.968,1398198,0.152,212526.096,1.213,257794.154,Mobile,PH
2023-10-18,2089045,0.64,1336988,1.193,1595026.684,1.472,2347879.279,Mobile,ES
2023-10-19,522124,0.121,63177,1.974,124711.398,0.851,106129.4,Mobile,BE
2023-10-20,2756989,0.934,2575027,1.268,3265134.236,0.773,2523948.764,Desktop,IN
2023-10-21,8008934,0.523,4188672,1.112,4657803.264,1.541,7177674.83,Mobile,NZ
2023-10-21,2546103,0.708,1802640,0.684,1233005.76,1.125,1387131.48,Desktop,NO
2023-10-22,5357367,0.471,2523319,2.041,5150094.079,1.334,6870225.501,Desktop,BE
2023-10-23,4403725,0.655,2884439,1.723,4969888.397,0.837,4159796.588,Mobile,RU
2023-10-23,3905307,0.71,2772767,1.248,3460413.216,0.899,3110911.481,Mobile,ID
2023-10-24,2298236,0.821,1886851,1.294,2441585.194,1.274,3110579.537,Mobile,UK
2023-10-25,3545084,0.085,301332,0.551,166033.932,1.453,241247.303,Mobile,CA
2023-10-26,7323019,0.939,6876314,2.004,13780133.256,1.426,19650470.023,Mobile,UK
2023-10-26,3675229,0.909,3340783,1.329,4439900.607,0.763,3387644.163,Mobile,SE
2023-10-27,1741406,0.73,1271226,1.304,1657678.704,1.256,2082044.452,Mobile,ES
2023-10-28,7291372,0.947,6904929,1.067,7367559.243,1.472,10845047.206,Desktop,PL
2023-10-29,1221191,0.236,288201,0.115,33143.115,0.791,26216.204,Mobile,JP
2023-10-29,5757959,0.707,4070877,1.758,7156601.766,1.522,10892347.888,Mobile,BE
2023-10-30,1127197,0.382,430589,1.622,698415.358,0.823,574795.84,Mobile,TH
2023-10-31,2747345,0.889,2442389,2.339,5712747.871,1.491,8517707.076,Mobile,AT
2023-10-31,4891894,0.175,856081,0.622,532482.382,1.537,818425.421,Desktop,AR
2023-11-01,8865820,0.379,3360145,0.988,3319823.26,0.89,2954642.701,Desktop,AU
2023-11-02,3232916,0.253,817927,0.319,260918.713,1.35,352240.263,Mobile,NL
2023-11-03,4892526,0.886,4334778,0.737,3194731.386,1.162,3712277.871,Mobile,PL
2023-11-03,8856698,0.879,7785037,0.676,5262685.012,1.257,6615195.06,Desktop,JP
2023-11-04,5456855,0.07,381979,2.177,831568.283,1.118,929693.34,Mobile,IN
2023-11-05,5865031,0.574,3366527,0.459,1545235.893,1.024,1582321.554,Desktop,RU
2023-11-06,8597673,0.764,6568622,0.239,1569900.658,1.442,2263796.749,Mobile,NZ
2023-11-06,9448950,0.025,236223,1.956,462052.188,0.827,382117.159,Desktop,ES
2023-11-07,1185333,0.014,16594,1.1,18253.4,1.072,19567.645,Desktop,AT
2023-11-08,4641771,0.549,2548332,2.19,5580847.08,1.245,6948154.615,Desktop,ID
2023-11-09,2525948,0.895,2260723,0.271,612655.933,1.19,729060.56,Mobile,JP
2023-11-09,1410350,0.473,667095,1.32,880565.4,0.851,749361.155,Mobile,DK
2023-11-10,4301960,0.802,3450171,0.744,2566927.224,1.284,3295934.556,Mobile,JP
2023-11-11,4018581,0.877,3524295,1.671,5889096.945,1.54,9069209.295,Mobile,PT
2023-11-11,3379017,0.578,1953071,2.172,4242070.212,1.223,5188051.869,Mobile,ID
2023-11-12,466232,0.028,13054,2.137,27896.398,1.375,38357.547,Mobile,AT
2023-11-13,1520698,0.187,284370,0.129,36683.73,1.226,44974.253,Mobile,MY
2023-11-14,1665477,0.059,98263,1.846,181393.498,1.321,239620.811,Mobile,CA
2023-11-14,7781363,0.244,1898652,0.486,922744.872,1.199,1106371.102,Mobile,ZA
2023-11-15,7318742,0.768,5620793,0.671,3771552.103,1.131,4265625.428,Mobile,ID
2023-11-16,5669474,0.854,4841730,0.517,2503174.41,1.139,2851115.653,Desktop,JP
2023-11-17,3285324,0.546,1793786,1.029,1845805.794,1.488,2746559.021,Mobile,NZ
2023-11-17,7359837,0.914,6726891,0.617,4150491.747,0.844,3503015.034,Desktop,RU
2023-11-18,7577816,0.419,3175104,0.795,2524207.68,0.808,2039559.805,Desktop,ZA
2023-11-19,7372000,0.41,3022520,1.6,4836032.0,1.179,5701681.728,Mobile,BE
2023-11-19,5181312,0.211,1093256,1.041,1138079.496,1.511,1719638.118,Desktop,AE
2023-11-20,8615467,0.024,206771,1.329,274798.659,1.124,308873.693,Desktop,JP
2023-11-21,104803,0.883,92541,1.219,112807.479,0.92,103782.881,Desktop,MX
2023-11-22,4949301,0.058,287059,0.616,176828.344,1.311,231821.959,Desktop,ZA
2023-11-22,232178,0.686,159274,0.551,87759.974,0.962,84425.095,Desktop,NZ
2023-11-23,2719654,0.968,2632625,0.992,2611564.0,1.381,3606569.884,Desktop,PL
2023-11-24,2074374,0.843,1748697,2.334,4081458.798,1.343,5481399.166,Mobile,MX
2023-11-25,1020065,0.635,647741,1.032,668468.712,0.969,647746.182,Mobile,ID
2023-11-25,8663237,0.433,3751181,1.066,3998758.946,1.346,5382329.541,Desktop,BR
2023-11-26,5745436,0.584,3355334,1.239,4157258.826,0.976,4057484.614,Desktop,SE
2023-11-27,9597955,0.354,3397676,0.561,1906096.236,1.31,2496986.069,Mobile,DE
2023-11-28,537407,0.865,464857,2.343,1089159.951,1.213,1321151.021,Mobile,DK
2023-11-28,7065707,0.501,3539919,0.767,2715117.873,1.171,3179403.029,Mobile,RU
2023-11-29,1173195,0.786,922131,0.978,901844.118,1.534,1383428.877,Desktop,CN
2023-11-30,9059486,0.841,7619027,0.498,3794275.446,1.264,4795964.164,Desktop,MX
2023-11-30,1628944,0.826,1345507,0.951,1279577.157,1.141,1459997.536,Desktop,BE
2023-12-01,4956612,0.137,679055,0.939,637632.645,1.263,805330.031,Desktop,CA
2023-12-02,3581772,0.371,1328837,1.794,2383933.578,1.281,3053818.913,Mobile,EG
2023-12-03,6919065,0.042,290600,0.806,234223.6,1.318,308706.705,Desktop,AU
2023-12-03,8637942,0.641,5536920,2.259,12507902.28,1.463,18299061.036,Desktop,SG
2023-12-04,1339895,0.914,1224664,0.622,761741.008,1.153,878287.382,Desktop,CH
2023-12-05,6729602,0.571,3842602,2.249,8642011.898,1.412,12202520.8,Desktop,US
2023-12-06,983285,0.73,717798,1.316,944622.168,1.118,1056087.584,Mobile,SE
2023-12-06,2796964,0.351,981734,0.955,937555.97,0.861,807235.69,Mobile,GR
2023-12-07,4111939,0.415,1706454,0.616,1051175.664,1.062,1116348.555,Mobile,AT
2023-12-08,3225501,0.225,725737,2.073,1504452.801,0.753,1132852.959,Mobile,PH
2023-12-08,604830,0.278,168142,1.433,240947.486,1.086,261668.97,Mobile,JP
2023-12-09,6723416,0.199,1337959,0.764,1022200.676,1.133,1158153.366,Mobile,ID
2023-12-10,2466531,0.258,636364,1.346,856545.944,1.399,1198307.776,Desktop,ZA
2023-12-11,3929875,0.61,2397223,1.092,2617767.516,1.313,3437128.749,Desktop,CN
2023-12-11,8971213,0.118,1058603,0.742,785483.426,1.233,968501.064,Mobile,MX
2023-12-12,6053071,0.212,1283251,0.308,395241.308,1.476,583376.171,Desktop,AE
2023-12-13,7999061,0.427,3415599,1.299,4436863.101,1.169,5186692.965,Desktop,IL
2023-12-14,279142,0.185,51641,1.201,62020.841,1.429,88627.782,Desktop,SA
2023-12-14,9831919,0.988,9713935,0.46,4468410.1,1.387,6197684.809,Desktop,PH
2023-12-15,384318,0.103,39584,2.049,81107.616,1.381,112009.618,Mobile,VN
2023-12-16,4639996,0.697,3234077,1.593,5151884.661,1.46,7521751.605,Desktop,CH
2023-12-17,5137937,0.057,292862,2.059,603002.858,0.961,579485.747,Mobile,IN
2023-12-17,298937,0.07,20925,0.562,11759.85,0.875,10289.869,Desktop,FI
2023-12-18,3453883,0.355,1226128,2.26,2771049.28,1.312,3635616.655,Desktop,US
2023-12-19,630846,0.588,370937,2.228,826447.636,1.365,1128101.023,Mobile,MY
2023-12-19,9831207,0.283,2782231,1.833,5099829.423,1.433,7308055.563,Mobile,BE
2023-12-20,946068,0.277,262060,1.158,303465.48,1.28,388435.814,Mobile,FR
2023-12-21,5829113,0.374,2180088,2.274,4957520.112,1.01,5007095.313,Mobile,FI
2023-12-22,2959868,0.931,2755637,2.168,5974221.016,1.444,8626775.147,Mobile,VN
2023-12-22,3308539,0.595,1968580,0.228,448836.24,1.477,662931.126,Desktop,SE
2023-12-23,6399596,0.813,5202871,1.554,8085261.534,1.081,8740167.718,Desktop,AU
2023-12-24,181537,0.521,94580,1.587,150098.46,1.378,206835.678,Desktop,UK
2023-12-25,22017,0.286,6296,0.693,4363.128,0.795,3468.687,Desktop,PT
2023-12-25,5992442,0.097,581266,0.593,344690.738,1.013,349171.718,Mobile,IL
2023-12-26,2454635,0.275,675024,2.206,1489102.944,1.16,1727359.415,Mobile,FI
2023-12-27,5967463,0.467,2786805,0.862,2402225.91,1.284,3084458.068,Desktop,JP
2023-12-27,8099834,0.105,850482,0.334,284060.988,1.209,343429.734,Mobile,TH
2023-12-28,5913870,0.275,1626314,0.173,281352.322,1.35,379825.635,Desktop,AE
2023-12-29,4670960,0.716,3344407,1.301,4351073.507,0.922,4011689.773,Desktop,CN
2023-12-30,5014815,0.037,185548,2.137,396516.076,0.76,301352.218,Mobile,VN
2023-12-30,3168802,0.196,621085,1.641,1019200.485,0.837,853070.806,Desktop,CA
2023-12-31,9236426,0.926,8552930,0.632,5405451.76,1.016,5491938.988,Mobile,TR
2024-01-01,1877538,0.35,657138,0.394,258912.372,1.216,314837.444,Mobile,EG
2024-01-02,9783165,0.952,9313573,0.865,8056240.645,1.266,10199200.657,Desktop,CH
2024-01-02,1488448,0.922,1372349,2.246,3082295.854,1.142,3519981.865,Mobile,US
2024-01-03,3615830,0.589,2129723,0.778,1656924.494,1.493,2473788.27,Desktop,IN
2024-01-04,7421576,0.06,445294,0.976,434606.944,0.816,354639.266,Mobile,PL
2024-01-05,6668179,0.512,3414107,1.588,5421601.916,0.86,4662577.648,Mobile,ES
2024-01-05,4567191,0.298,1361022,1.159,1577424.498,0.991,1563227.678,Mobile,ZA
2024-01-06,5229424,0.085,444501,1.143,508064.643,0.82,416613.007,Desktop,NO
2024-01-07,2695012,0.995,2681536,1.71,4585426.56,1.456,6676381.071,Mobile,MY
2024-01-07,3301849,0.732,2416953,0.968,2339610.504,1.258,2943230.014,Mobile,PL
2024-01-08,6432323,0.846,5441745,0.234,1273368.33,0.972,1237714.017,Desktop,AT
2024-01-09,1212948,0.093,112804,0.854,96334.616,1.368,131785.755,Desktop,PH
2024-01-10,4840047,0.613,2966948,1.887,5598630.876,1.19,6662370.742,Mobile,IL
2024-01-10,2535831,0.222,562954,0.192,108087.168,0.992,107222.471,Mobile,AE
2024-01-11,242854,0.322,78198,1.035,80934.93,1.473,119217.152,Desktop,SG
2024-01-12,1691798,0.76,1285766,0.452,581166.232,0.768,446335.666,Desktop,SA
2024-01-13,8853834,0.873,7729397,1.963,15172806.311,0.953,14459684.414,Mobile,AR
2024-01-13,4492342,0.089,399818,1.02,407814.36,1.265,515885.165,Mobile,US
2024-01-14,2402453,0.973,2337586,1.22,2851854.92,0.967,2757743.708,Desktop,NO
2024-01-15,223790,0.483,108090,0.789,85283.01,1.244,106092.064,Mobile,ID
2024-01-15,4074942,0.13,529742,2.098,1111398.716,0.893,992479.053,Desktop,ES
2024-01-16,8985882,0.713,6406933,1.157,7412821.481,1.245,9228962.744,Desktop,IN
2024-01-17,4005713,0.354,1418022,2.054,2912617.188,1.286,3745625.704,Mobile,NO
2024-01-18,834852,0.727,606937,0.837,508006.269,1.042,529342.532,Desktop,MX
2024-01-18,4190730,0.728,3050851,1.59,4850853.09,0.864,4191137.07,Desktop,CA
2024-01-19,5414146,0.802,4342145,0.599,2600944.855,0.866,2252418.244,Desktop,SG
2024-01-20,8499194,0.224,1903819,0.111,211323.909,1.09,230343.061,Mobile,NZ
2024-01-21,5631277,0.919,5175143,0.303,1568068.329,1.361,2134140.996,Mobile,SG
2024-01-21,8679379,0.084,729067,0.524,382031.108,1.386,529495.116,Desktop,NO
2024-01-22,9367862,0.928,8693375,1.279,11118826.625,1.035,11507985.557,Mobile,NO
2024-01-23,1739880,0.26,452368,1.619,732383.792,1.386,1015083.936,Mobile,IL
2024-01-24,266148,0.433,115242,0.672,77442.624,0.925,71634.427,Mobile,NO
2024-01-24,6420407,0.926,5945296,0.121,719380.816,0.993,714345.15,Desktop,NZ
2024-01-25,6130034,0.626,3837401,1.502,5763776.302,0.815,4697477.686,Desktop,SA
2024-01-26,2853917,0.352,1004578,2.072,2081485.616,1.17,2435338.171,Mobile,BE
2024-01-26,7186649,0.245,1760729,2.288,4028547.952,1.543,6216049.49,Desktop,AR
2024-01-27,851503,0.556,473435,1.557,737138.295,1.098,809377.848,Desktop,SE
2024-01-28,5821332,0.074,430778,0.687,295944.486,1.024,303047.154,Desktop,RU
2024-01-29,7091535,0.758,5375383,1.705,9165028.015,1.126,10319821.545,Desktop,BR
2024-01-29,5698457,0.361,2057142,1.662,3418970.004,0.95,3248021.504,Mobile,DK
2024-01-30,8093239,0.359,2905472,1.138,3306427.136,1.229,4063598.95,Mobile,AU
2024-01-31,179197,0.562,100708,0.24,24169.92,1.287,31106.687,Desktop,AR
2024-02-01,435640,0.561,244394,1.291,315512.654,1.368,431621.311,Mobile,ES
2024-02-01,644780,0.65,419107,1.24,519692.68,1.268,658970.318,Mobile,NZ
2024-02-02,3278762,0.356,1167239,0.682,796056.998,1.497,1191697.326,Desktop,CH
2024-02-03,321948,0.619,199285,0.852,169790.82,0.999,169621.029,Desktop,ES
2024-02-03,1321344,0.819,1082180,0.103,111464.54,1.455,162180.906,Desktop,PH
2024-02-04,4418857,0.362,1599626,0.451,721431.326,1.145,826038.868,Desktop,IN
2024-02-05,7448190,0.939,6993850,1.518,10616664.3,1.028,10913930.9,Desktop,AR
2024-02-06,8516652,0.068,579132,2.174,1259032.968,1.314,1654369.32,Desktop,DE
2024-02-06,2290275,0.432,989398,0.401,396748.598,1.365,541561.836,Desktop,RU
2024-02-07,1291566,0.818,1056500,1.584,1673496.0,1.069,1788967.224,Desktop,JP
2024-02-08,3804018,0.899,3419812,0.479,1638089.948,0.984,1611880.509,Desktop,SA
2024-02-09,7802602,0.474,3698433,0.937,3465431.721,1.493,5173889.559,Desktop,AU
2024-02-09,5729101,0.032,183331,0.908,166464.548,1.385,230553.399,Desktop,NO
2024-02-10,2007688,0.46,923536,1.811,1672523.696,0.964,1612312.843,Mobile,ID
2024-02-11,1227257,0.357,438130,0.352,154221.76,0.762,117516.981,Desktop,ES
2024-02-12,679245,0.313,212603,2.297,488349.091,1.372,670014.953,Mobile,PT
2024-02-12,1404175,0.357,501290,0.431,216055.99,1.007,217568.382,Desktop,NL
2024-02-13,4929772,0.597,2943073,0.486,1430333.478,1.144,1636301.499,Desktop,GR
2024-02-14,8469839,0.317,2684938,2.176,5842425.088,1.52,8880486.134,Desktop,CH
2024-02-14,627766,0.669,419975,0.78,327580.5,1.533,502180.906,Mobile,CN
2024-02-15,5970964,0.325,1940563,0.584,1133288.792,1.456,1650068.481,Mobile,PL
2024-02-16,4926979,0.197,970614,1.342,1302563.988,1.49,1940820.342,Desktop,IT
2024-02-17,4217176,0.549,2315229,2.108,4880502.732,1.492,7281710.076,Desktop,AT
2024-02-17,6079087,0.099,601829,1.692,1018294.668,1.155,1176130.342,Mobile,SG
2024-02-18,2028299,0.634,1285941,1.124,1445397.684,0.962,1390472.572,Desktop,VN
2024-02-19,1045850,0.09,94126,1.764,166038.264,0.896,148770.285,Desktop,ES
2024-02-20,9859074,0.623,6142203,0.93,5712248.79,1.545,8825424.381,Mobile,NL
2024-02-20,7323598,0.877,6422795,1.544,9916795.48,1.459,14468604.605,Desktop,SG
2024-02-21,1584545,0.295,467440,0.495,231382.8,1.363,315374.756,Mobile,TH
2024-02-22,932379,0.978,911866,0.439,400309.174,1.426,570840.882,Mobile,FI
2024-02-22,3257901,0.52,1694108,1.167,1977024.036,1.143,2259738.473,Mobile,SE
2024-02-23,8184501,0.988,8086286,0.439,3549879.554,1.343,4767488.241,Mobile,KR
2024-02-24,5973825,0.164,979707,1.096,1073758.872,0.99,1063021.283,Mobile,EG
2024-02-25,943964,0.24,226551,1.595,361348.845,1.282,463249.219,Desktop,PH
2024-02-25,7711263,0.539,4156370,0.466,1936868.42,1.066,2064701.736,Desktop,MX
2024-02-26,9695689,0.317,3073533,1.391,4275284.403,1.052,4497599.192,Desktop,MY
2024-02-27,9128907,0.263,2400902,1.54,3697389.08,1.334,4932317.033,Mobile,SG
2024-02-28,7482161,0.555,4152599,1.505,6249661.495,0.963,6018424.02,Desktop,SE
2024-02-28,5233516,0.01,52335,1.69,88446.15,1.411,124797.518,Desktop,DK
2024-02-29,3310239,0.21,695150,0.561,389979.15,1.468,572489.392,Desktop,UK
2024-03-01,3122290,0.904,2822550,2.301,6494687.55,0.804,5221728.79,Desktop,TR
2024-03-02,4077610,0.302,1231438,0.543,668670.834,1.308,874621.451,Mobile,JP
2024-03-02,5862091,0.393,2303801,2.212,5096007.812,1.136,5789064.874,Desktop,MX
2024-03-03,3028490,0.292,884319,1.331,1177028.589,1.311,1543084.48,Mobile,CA
2024-03-04,987939,0.328,324043,0.717,232338.831,1.399,325042.025,Desktop,MX
2024-03-04,2715264,0.571,1550415,0.929,1440335.535,0.769,1107618.026,Mobile,EG
2024-03-05,832977,0.858,714694,1.463,1045597.322,1.219,1274583.136,Desktop,ID
2024-03-06,6826919,0.396,2703459,2.119,5728629.621,1.543,8839275.505,Desktop,SG
2024-03-07,6962845,0.403,2806026,0.363,1018587.438,0.917,934044.681,Mobile,BE
2024-03-07,6329830,0.686,4342263,0.308,1337417.004,1.308,1749341.441,Desktop,DE
2024-03-08,2100347,0.022,46207,1.129,52167.703,0.801,41786.33,Desktop,ZA
2024-03-09,9878875,0.447,4415857,0.831,3669577.167,1.267,4649354.271,Desktop,TR
2024-03-10,1826625,0.585,1068575,0.587,627253.525,0.896,562019.158,Mobile,AU
2024-03-10,7659714,0.532,4074967,2.334,9510972.978,1.464,13924064.44,Desktop,VN
2024-03-11,573665,0.411,235776,2.066,487113.216,0.833,405765.309,Desktop,NL
2024-03-12,4514271,0.202,911882,2.017,1839265.994,1.465,2694524.681,Desktop,ID
2024-03-12,2827298,0.848,2397548,1.462,3505215.176,1.396,4893280.386,Desktop,JP
2024-03-13,8135656,0.811,6598017,0.456,3008695.752,0.765,2301652.25,Desktop,GR
2024-03-14,4607423,0.687,3165299,0.143,452637.757,0.91,411900.359,Desktop,AR
2024-03-15,9465488,0.342,3237196,1.221,3952616.316,1.318,5209548.304,Desktop,SE
2024-03-15,851288,0.863,734661,0.834,612707.274,0.989,605967.494,Mobile,NZ
2024-03-16,9917326,0.431,4274367,0.66,2821082.22,0.947,2671564.862,Mobile,NL
2024-03-17,2812008,0.03,84360,1.535,129492.6,0.988,127938.689,Desktop,AR
2024-03-18,8664650,0.276,2391443,1.732,4141979.276,1.116,4622448.872,Mobile,PT
2024-03-18,2592678,0.048,124448,1.262,157053.376,1.428,224272.221,Mobile,MX
2024-03-19,5085790,0.307,1561337,1.691,2640220.867,1.117,2949126.708,Desktop,DK
2024-03-20,4405572,0.224,986848,0.638,629609.024,1.511,951339.235,Desktop,TR
2024-03-21,2447219,0.553,1353312,2.107,2851428.384,1.361,3880794.031,Mobile,TR
2024-03-21,8122247,0.747,6067318,2.09,12680694.62,1.455,18450410.672,Desktop,EG
2024-03-22,5991885,0.085,509310,1.344,684512.64,1.331,911086.324,Mobile,CA
2024-03-23,487309,0.518,252426,1.406,354910.956,1.398,496165.516,Desktop,ZA
2024-03-23,8857812,0.31,2745921,1.461,4011790.581,1.429,5732848.74,Desktop,RU
2024-03-24,6685681,0.607,4058208,0.514,2085918.912,0.752,1568611.022,Mobile,AU
2024-03-25,153036,0.078,11936,0.478,5705.408,1.494,8523.88,Mobile,TR
2024-03-26,2490043,0.0,0,0.818,0.0,1.203,0.0,Mobile,US
2024-03-26,3505172,0.135,473198,1.668,789294.264,1.375,1085279.613,Mobile,TH
2024-03-27,5239964,0.348,1823507,0.227,413936.089,1.204,498379.051,Mobile,VN
2024-03-28,7903946,0.165,1304151,0.972,1267634.772,0.875,1109180.426,Desktop,UK
2024-03-29,6773269,0.113,765379,0.244,186752.476,0.882,164715.684,Mobile,CA
2024-03-29,2248750,0.117,263103,1.95,513050.85,1.186,608478.308,Desktop,BR
2024-03-30,768,0.619,475,1.153,547.675,1.186,649.543,Mobile,EG
2024-03-31,2929374,0.356,1042857,2.21,2304713.97,1.266,2917767.886,Mobile,GR
2024-03-31,4927883,0.444,2187980,1.447,3166007.06,1.385,4384919.778,Mobile,AU
2024-04-01,831003,0.083,68973,0.313,21588.549,1.386,29921.729,Mobile,MX
2024-04-02,2979818,0.386,1150209,0.294,338161.446,0.962,325311.311,Desktop,ID
2024-04-03,2243960,0.773,1734581,1.021,1771007.201,1.314,2327103.462,Mobile,AE
2024-04-03,6366413,0.272,1731664,1.106,1915220.384,0.825,1580056.817,Mobile,TR
2024-04-04,6126034,0.15,918905,0.868,797609.54,1.521,1213164.11,Desktop,FR
2024-04-05,7077539,0.419,2965488,1.144,3392518.272,0.845,2866677.94,Desktop,MY
2024-04-06,4106980,0.171,702293,0.202,141863.186,0.933,132358.353,Mobile,BE
2024-04-06,357413,0.045,16083,0.878,14120.874,1.026,14488.017,Desktop,VN
2024-04-07,266048,0.335,89126,1.15,102494.9,1.5,153742.35,Mobile,IT
2024-04-08,3439455,0.415,1427373,1.236,1764233.028,1.169,2062388.41,Desktop,TH
2024-04-09,2041680,0.976,1992679,2.052,4088977.308,1.03,4211646.627,Desktop,DK
2024-04-09,8411489,0.379,3187954,0.999,3184766.046,0.855,2722974.969,Mobile,KR
2024-04-10,2618404,0.52,1361570,1.873,2550220.61,1.056,2693032.964,Desktop,UK
2024-04-11,7007627,0.068,476518,0.625,297823.75,0.939,279656.501,Mobile,SA
2024-04-11,2789142,0.385,1073819,0.89,955698.91,0.8,764559.128,Desktop,ID
2024-04-12,7237510,0.652,4718856,1.195,5639032.92,1.505,8486744.545,Mobile,IL
2024-04-13,5532451,0.829,4586401,0.993,4554296.193,0.913,4158072.424,Mobile,PH
2024-04-14,8136315,0.27,2196805,0.16,351488.8,0.862,302983.346,Mobile,AE
2024-04-14,5188921,0.226,1172696,1.813,2126097.848,0.851,1809309.269,Desktop,PT
2024-04-15,4748056,0.492,2336043,1.636,3821766.348,1.435,5484234.709,Desktop,US
2024-04-16,8476832,0.441,3738282,2.046,7648524.972,1.216,9300606.366,Desktop,SG
2024-04-17,7966683,0.011,87633,0.598,52404.534,1.517,79497.678,Desktop,DE
2024-04-17,7310101,0.145,1059964,0.445,471683.98,1.241,585359.819,Mobile,FR
2024-04-18,7065608,0.583,4119249,1.483,6108846.267,0.816,4984818.554,Mobile,US
2024-04-19,5430007,0.954,5180226,2.122,10992439.572,1.511,16609576.193,Mobile,UK
2024-04-19,1969478,0.431,848845,0.13,110349.85,1.47,162214.28,Mobile,UK
2024-04-20,8447458,0.287,2424420,0.161,390331.62,0.841,328268.892,Desktop,PT
2024-04-21,7607250,0.858,6527020,1.928,12584094.56,1.023,12873528.735,Mobile,CN
2024-04-22,4147787,0.389,1613489,0.678,1093945.542,1.085,1186930.913,Mobile,ES
2024-04-22,6482330,0.171,1108478,1.139,1262556.442,1.019,1286545.014,Mobile,AR
2024-04-23,6980508,0.697,4865414,1.38,6714271.32,1.105,7419269.809,Mobile,SE
2024-04-24,2881819,0.815,2348682,1.927,4525910.214,1.145,5182167.195,Desktop,DK
2024-04-25,421950,0.158,66668,1.604,106935.472,1.264,135166.437,Mobile,BR
2024-04-25,3860501,0.061,235490,0.384,90428.16,1.53,138355.085,Mobile,IT
2024-04-26,4826307,0.702,3388067,1.241,4204591.147,1.491,6269045.4,Desktop,SA
2024-04-27,1331319,0.602,801454,1.704,1365677.616,1.499,2047150.746,Desktop,TH
2024-04-28,2485258,0.681,1692460,1.631,2760402.26,0.993,2741079.444,Desktop,KR
2024-04-28,6292790,0.11,692206,1.479,1023772.674,0.814,833350.957,Desktop,RU
2024-04-29,1045727,0.528,552143,0.253,139692.179,0.852,119017.737,Mobile,BR
2024-04-30,9376598,0.584,5475933,0.126,689967.558,0.89,614071.127,Mobile,VN
2024-04-30,9968281,0.446,4445853,1.21,5379482.13,1.064,5723768.986,Mobile,FI
2024-05-01,1308125,0.73,954931,2.112,2016814.272,1.424,2871943.523,Mobile,ZA
2024-05-02,1933610,0.471,910730,0.766,697619.18,0.921,642507.265,Mobile,TR
2024-05-03,9005836,0.087,783507,1.082,847754.574,1.157,980852.042,Desktop,US
2024-05-03,9285955,0.139,1290747,2.148,2772524.556,0.952,2639443.377,Desktop,MY
2024-05-04,2278926,0.928,2114843,2.071,4379839.853,1.016,4449917.291,Desktop,AT
2024-05-05,2199590,0.757,1665089,2.25,3746450.25,1.422,5327452.256,Mobile,UK
2024-05-06,2194389,0.622,1364909,0.652,889920.668,0.785,698587.724,Mobile,TH
2024-05-06,1268777,0.147,186510,0.748,139509.48,1.173,163644.62,Mobile,MY
2024-05-07,5933380,0.645,3827030,0.559,2139309.77,1.351,2890207.499,Mobile,CA
2024-05-08,6435948,0.098,630722,0.634,399877.748,1.069,427469.313,Mobile,NZ
2024-05-08,4040252,0.268,1082787,0.87,942024.69,1.382,1301878.122,Mobile,IL
2024-05-09,5886471,0.237,1395093,1.091,1522046.463,1.103,1678817.249,Mobile,ID
2024-05-10,2835568,0.22,623824,1.194,744845.856,1.221,909456.79,Mobile,IN
2024-05-11,4716849,0.771,3636690,1.339,4869527.91,1.296,6310908.171,Mobile,KR
2024-05-11,2224994,0.681,1515220,1.889,2862250.58,1.064,3045434.617,Desktop,MX
2024-05-12,6079717,0.006,36478,2.293,83644.054,0.8,66915.243,Desktop,SG
2024-05-13,7464311,0.982,7329953,2.061,15107033.133,1.532,23143974.76,Desktop,NO
2024-05-14,8261013,0.292,2412215,1.856,4477071.04,0.921,4123382.428,Mobile,NO
2024-05-14,1691450,0.824,1393754,1.852,2581232.408,0.834,2152747.828,Desktop,DE
2024-05-15,9221403,0.038,350413,1.507,528072.391,1.386,731908.334,Mobile,SA
2024-05-16,483401,0.182,87978,1.735,152641.83,1.065,162563.549,Mobile,GR
2024-05-17,7633518,0.442,3374014,2.064,6963964.896,1.449,10090785.134,Mobile,ES
2024-05-17,395475,0.324,128133,0.252,32289.516,1.08,34872.677,Desktop,VN
2024-05-18,1107193,0.692,766177,0.918,703350.486,1.356,953743.259,Desktop,DK
2024-05-19,5170885,0.871,4503840,1.065,4796589.6,1.341,6432226.654,Mobile,IL
2024-05-19,455573,0.702,319812,0.982,314055.384,1.535,482075.014,Desktop,AU
2024-05-20,2707277,0.569,1540440,0.437,673172.28,0.832,560079.337,Desktop,RU
2024-05-21,3892325,0.861,3351291,1.576,5281634.616,1.27,6707675.962,Mobile,MX
2024-05-22,5831420,0.7,4081993,0.154,628626.922,1.441,905851.395,Desktop,PT
2024-05-22,2650634,0.327,866757,1.119,969901.083,1.296,1256991.804,Mobile,PL
2024-05-23,6057070,0.975,5905643,2.117,12502246.231,1.435,17940723.341,Mobile,CN
2024-05-24,5755249,0.69,3971121,1.674,6647656.554,0.904,6009481.525,Desktop,PH
2024-05-25,752141,0.77,579148,1.859,1076636.132,1.032,1111088.488,Desktop,FI
2024-05-25,1874716,0.472,884865,0.214,189361.11,0.755,142967.638,Mobile,PL
2024-05-26,7812522,0.125,976565,1.993,1946294.045,0.902,1755557.229,Desktop,CN
2024-05-27,3049065,0.013,39637,0.99,39240.63,1.528,59959.683,Mobile,ES
2024-05-27,8000917,0.691,5528633,2.303,12732441.799,1.134,14438589.0,Desktop,ES
2024-05-28,147366,0.188,27704,1.904,52748.416,0.791,41723.997,Mobile,IN
2024-05-29,4841263,0.497,2406107,1.666,4008574.262,1.416,5676141.155,Mobile,CA
2024-05-30,7749256,0.789,6114162,0.168,1027179.216,1.321,1356903.744,Mobile,JP
2024-05-30,9333766,0.533,4974897,0.977,4860474.369,0.839,4077937.996,Mobile,CH
2024-05-31,6992315,0.811,5670767,0.882,5001616.494,1.487,7437403.727,Desktop,AU
2024-06-01,3328822,0.094,312909,0.527,164903.043,1.368,225587.363,Desktop,AE
2024-06-02,3014569,0.718,2164460,1.897,4105980.62,1.302,5345986.767,Mobile,PH
2024-06-02,1079552,0.046,49659,2.198,109150.482,1.246,136001.501,Mobile,NL
2024-06-03,3156497,0.857,2705117,0.193,522087.581,0.897,468312.56,Desktop,AT
2024-06-04,1821422,0.282,513641,1.09,559868.69,1.353,757502.338,Desktop,CN
2024-06-05,2368107,0.424,1004077,1.622,1628612.894,1.441,2346831.18,Desktop,FI
2024-06-05,5851877,0.025,146296,0.697,101968.312,1.156,117875.369,Mobile,SA
2024-06-06,9148665,0.228,2085895,0.384,800983.68,1.066,853848.603,Mobile,SG
2024-06-07,9014264,0.943,8500450,2.094,17799942.3,1.049,18672139.473,Mobile,SE
2024-06-07,7663857,0.59,4521675,1.508,6818685.9,1.382,9423423.914,Mobile,VN
2024-06-08,2384967,0.211,503228,2.292,1153398.576,1.549,1786614.394,Mobile,PH
2024-06-09,7946278,0.996,7914492,1.066,8436848.472,1.472,12419040.951,Desktop,SE
2024-06-10,344347,0.18,61982,1.199,74316.418,1.33,98840.836,Desktop,JP
2024-06-10,9261206,0.909,8418436,0.606,5101572.216,1.45,7397279.713,Mobile,AT
2024-06-11,1285179,0.483,620741,1.814,1126024.174,0.856,963876.693,Desktop,CH
2024-06-12,9507386,0.134,1273989,2.03,2586197.67,1.381,3571538.982,Desktop,TR
2024-06-13,5667438,0.761,4312920,2.111,9104574.12,1.158,10543096.831,Desktop,FR
2024-06-13,3839733,0.764,2933556,1.492,4376865.552,1.077,4713884.2,Desktop,NL
2024-06-14,3107669,0.486,1510327,1.22,1842598.94,1.356,2498564.163,Mobile,AE
2024-06-15,3386525,0.155,524911,0.458,240409.238,0.973,233918.189,Mobile,ID
2024-06-15,6357654,0.963,6122420,1.109,6789763.78,0.957,6497803.937,Mobile,AR
2024-06-16,2847678,0.831,2366420,0.793,1876571.06,1.267,2377615.533,Mobile,ES
2024-06-17,2220063,0.141,313028,1.717,537469.076,0.777,417613.472,Desktop,SE
2024-06-18,3813513,0.993,3786818,0.335,1268584.03,1.051,1333281.816,Desktop,ZA
2024-06-18,5677582,0.746,4235476,1.919,8127878.444,0.846,6876185.164,Desktop,SE
2024-06-19,4720250,0.837,3950849,1.195,4721264.555,1.294,6109316.334,Mobile,CA
2024-06-20,9252605,0.823,7614893,1.506,11468028.858,1.361,15607987.276,Desktop,NZ
2024-06-21,535911,0.414,221867,1.141,253150.247,1.491,377447.018,Desktop,PL
2024-06-21,7629512,0.207,1579308,0.646,1020232.968,0.927,945755.961,Desktop,VN
2024-06-22,3602206,0.502,1808307,1.661,3003597.927,1.478,4439317.736,Mobile,BR
2024-06-23,8030875,0.348,2794744,0.225,628817.4,1.061,667175.261,Mobile,MY
2024-06-24,3468272,0.726,2517965,1.23,3097096.95,0.929,2877203.067,Mobile,ZA
2024-06-24,9650259,0.71,6851683,1.029,7050381.807,1.098,7741319.224,Desktop,KR
2024-06-25,3186750,0.718,2288086,1.018,2329271.548,1.201,2797455.129,Mobile,PH
2024-06-26,6351202,0.184,1168621,0.906,1058770.626,1.29,1365814.108,Desktop,VN
2024-06-26,2696713,0.632,1704322,0.786,1339597.092,0.99,1326201.121,Desktop,MY
2024-06-27,2270214,0.919,2086326,1.371,2860352.946,1.489,4259065.537,Mobile,DE
2024-06-28,1010321,0.703,710255,1.208,857988.04,1.145,982396.306,Desktop,ID
2024-06-29,3436321,0.21,721627,1.502,1083883.754,1.385,1501178.999,Mobile,PL
2024-06-29,384282,0.769,295512,1.899,561177.288,1.516,850744.769,Mobile,JP
2024-06-30,8270477,0.804,6649463,1.397,9289299.811,1.379,12809944.439,Mobile,PT
2024-07-01,6603605,0.323,2132964,0.897,1913268.708,1.516,2900515.361,Desktop,VN
2024-07-02,8361899,0.981,8203022,2.004,16438856.088,0.861,14153855.092,Mobile,BR
2024-07-02,8901805,0.634,5643744,1.074,6061381.056,1.501,9098132.965,Mobile,AE
2024-07-03,9576952,0.927,8877834,2.139,18989686.926,1.308,24838510.499,Desktop,ES
2024-07-04,1335791,0.858,1146108,1.351,1548391.908,1.168,1808521.749,Desktop,PT
2024-07-04,3051280,0.224,683486,1.419,969866.634,1.185,1149291.961,Desktop,AU
2024-07-05,1653313,0.814,1345796,1.824,2454731.904,0.854,2096341.046,Desktop,AU
2024-07-06,2409745,0.302,727742,1.633,1188402.686,1.508,1792111.25,Mobile,PT
2024-07-07,2116633,0.561,1187431,1.665,1977072.615,0.845,1670626.36,Mobile,GR
2024-07-07,5546051,0.664,3682577,2.204,8116399.708,1.17,9496187.658,Desktop,MX
2024-07-08,3405105,0.545,1855782,0.55,1020680.1,1.412,1441200.301,Mobile,NO
2024-07-09,6464112,0.319,2062051,1.988,4099357.388,1.031,4226437.467,Desktop,MY
2024-07-10,1894867,0.351,665098,1.393,926481.514,0.758,702272.988,Desktop,TH
2024-07-10,6208658,0.952,5910642,1.47,8688643.74,1.455,12641976.642,Desktop,ID
2024-07-11,4232947,0.257,1087867,0.848,922511.216,1.47,1356091.488,Desktop,PH
2024-07-12,222470,0.559,124360,0.17,21141.2,1.521,32155.765,Desktop,TR
2024-07-13,9668107,0.066,638095,1.448,923961.56,0.968,894394.79,Mobile,AE
2024-07-13,1757056,0.23,404122,0.565,228328.93,1.038,237005.429,Desktop,SG
2024-07-14,1832910,0.968,1774256,0.821,1456664.176,0.895,1303714.438,Desktop,JP
2024-07-15,7511599,0.174,1307018,1.518,1984053.324,1.366,2710216.841,Mobile,IT
2024-07-15,1289982,0.79,1019085,0.678,690939.63,0.972,671593.32,Desktop,GR
2024-07-16,785703,0.1,78570,2.312,181653.84,1.357,246504.261,Desktop,NO
2024-07-17,1590040,0.912,1450116,0.214,310324.824,1.395,432903.129,Mobile,SE
2024-07-18,4498220,0.307,1380953,0.109,150523.877,1.277,192218.991,Desktop,NO
2024-07-18,8159359,0.718,5858419,2.344,13732134.136,1.173,16107793.342,Mobile,IN
2024-07-19,9110867,0.826,7525576,2.183,16428332.408,1.176,19319718.912,Mobile,RU
2024-07-20,6238164,0.285,1777876,1.478,2627700.728,0.894,2349164.451,Mobile,CA
2024-07-21,1663820,0.579,963351,2.313,2228230.863,1.414,3150718.44,Mobile,SE
2024-07-21,2538263,0.633,1606720,0.761,1222713.92,1.044,1276513.332,Desktop,IT
2024-07-22,5970246,0.625,3731403,2.158,8052367.674,1.06,8535509.734,Desktop,TR
2024-07-23,528367,0.608,321247,0.212,68104.364,1.083,73757.026,Mobile,PL
2024-07-23,741634,0.064,47464,0.466,22118.224,1.515,33509.109,Desktop,CA
2024-07-24,5270627,0.477,2514089,1.833,4608325.137,0.831,3829518.189,Mobile,IL
2024-07-25,8512349,0.08,680987,1.698,1156315.926,0.974,1126251.712,Mobile,AU
2024-07-26,3077304,0.126,387740,0.393,152381.82,0.752,114591.129,Mobile,MY
2024-07-26,4299435,0.117,503033,2.071,1041781.343,1.322,1377234.935,Desktop,PT
2024-07-27,3119749,0.694,2165105,0.807,1747239.735,0.895,1563779.563,Mobile,PH
2024-07-28,8990032,0.509,4575926,0.822,3761411.172,1.434,5393863.621,Mobile,NZ
2024-07-29,8785673,0.603,5297760,1.135,6012957.6,1.278,7684559.813,Mobile,NO
2024-07-29,4046056,0.77,3115463,0.538,1676119.094,1.45,2430372.686,Desktop,TR
2024-07-30,2437052,0.554,1350126,0.608,820876.608,1.068,876696.217,Mobile,IL
2024-07-31,1328292,0.033,43833,0.991,43438.503,1.139,49476.455,Mobile,MY
2024-08-01,9626729,0.537,5169553,0.104,537633.512,1.011,543547.481,Desktop,NL
2024-08-01,7337814,0.666,4886984,0.847,4139275.448,0.972,4023375.735,Desktop,PT
2024-08-02,9885871,0.408,4033435,1.5,6050152.5,0.811,4906673.678,Desktop,DK
2024-08-03,4243835,0.637,2703322,0.649,1754455.978,1.17,2052713.494,Desktop,AU
2024-08-03,9889102,0.622,6151021,0.253,1556208.313,1.255,1953041.433,Desktop,VN
2024-08-04,1443178,0.163,235238,1.064,250293.232,0.931,233022.999,Mobile,BE
2024-08-05,7949424,0.657,5222771,0.163,851311.673,1.505,1281224.068,Mobile,TH
2024-08-06,4769434,0.911,4344954,0.212,921130.248,1.314,1210365.146,Desktop,CN
2024-08-06,8129167,0.547,4446654,0.733,3259397.382,0.857,2793303.556,Desktop,AU
2024-08-07,8113271,0.905,7342510,0.803,5896035.53,0.861,5076486.591,Desktop,TR
2024-08-08,7705743,0.867,6680879,0.401,2679032.479,1.155,3094282.513,Mobile,PT
2024-08-09,3536023,0.395,1396729,0.675,942792.075,0.841,792888.135,Desktop,NO
2024-08-09,9734794,0.668,6502842,1.143,7432748.406,0.828,6154315.68,Mobile,EG
2024-08-10,1591673,0.774,1231954,0.817,1006506.418,1.459,1468492.864,Mobile,EG
2024-08-11,2968637,0.596,1769307,1.948,3446610.036,1.195,4118698.993,Desktop,ID
2024-08-11,6588850,0.063,415097,2.03,842646.91,1.285,1082801.279,Desktop,DK
2024-08-12,258302,0.721,186235,2.269,422567.215,0.758,320305.949,Mobile,ID
2024-08-13,6912730,0.687,4749045,0.57,2706955.65,1.265,3424298.897,Mobile,NO
2024-08-14,418825,0.892,373591,1.988,742698.908,0.783,581533.245,Mobile,IL
2024-08-14,7971953,0.574,4575901,2.201,10071558.101,1.036,10434134.193,Mobile,MY
2024-08-15,2068039,0.843,1743356,0.507,883881.492,1.063,939566.026,Mobile,GR
2024-08-16,6709352,0.67,4495265,1.962,8819709.93,0.757,6676520.417,Mobile,PT
2024-08-17,1989766,0.778,1548037,2.183,3379364.771,1.093,3693645.695,Desktop,PL
2024-08-17,581995,0.033,19205,1.034,19857.97,1.356,26927.407,Desktop,VN
2024-08-18,2075173,0.666,1382065,0.866,1196868.29,0.852,1019731.783,Desktop,CN
2024-08-19,5192421,0.525,2726021,1.695,4620605.595,1.356,6265541.187,Mobile,AE
2024-08-20,3605429,0.901,3248491,0.745,2420125.795,1.503,3637449.07,Desktop,BE
2024-08-20,5637301,0.138,777947,1.495,1163030.765,1.069,1243279.888,Desktop,VN
2024-08-21,5465596,0.386,2109720,1.099,2318582.28,1.42,3292386.838,Mobile,SG
2024-08-22,1531898,0.293,448846,0.144,64633.824,0.903,58364.343,Desktop,CA
2024-08-22,5612227,0.236,1324485,1.092,1446337.62,1.47,2126116.301,Desktop,BR
2024-08-23,5688562,0.224,1274237,1.164,1483211.868,0.983,1457997.266,Desktop,CA
2024-08-24,2079808,0.223,463797,2.111,979075.467,1.043,1021175.712,Mobile,RU
2024-08-25,5077473,0.035,177711,1.919,341027.409,0.756,257816.721,Mobile,BE
2024-08-25,6507380,0.231,1503204,0.676,1016165.904,0.884,898290.659,Mobile,AE
2024-08-26,717443,0.542,388854,2.307,897086.178,1.173,1052282.087,Desktop,IT
2024-08-27,3052334,0.961,2933292,1.356,3977543.952,1.081,4299725.012,Mobile,AU
2024-08-28,2257655,0.551,1243967,1.156,1438025.852,1.296,1863681.504,Mobile,VN
2024-08-28,9359065,0.102,954624,1.989,1898747.136,1.239,2352547.702,Desktop,PT
2024-08-29,2932791,0.058,170101,1.884,320470.284,1.516,485832.951,Desktop,MY
2024-08-30,9766866,0.735,7178646,0.657,4716370.422,1.33,6272772.661,Mobile,PH
2024-08-30,8335540,0.279,2325615,0.821,1909329.915,1.367,2610053.994,Mobile,PL
2024-08-31,5325366,0.02,106507,1.493,159014.951,0.771,122600.527,Desktop,CN
2024-09-01,2862090,0.492,1408148,0.638,898398.424,1.175,1055618.148,Mobile,NZ
2024-09-02,2389511,0.836,1997631,0.263,525376.953,0.939,493328.959,Mobile,DK
2024-09-02,9682594,0.94,9101638,1.627,14808365.026,1.334,19754358.945,Mobile,TR
2024-09-03,5719472,0.168,960871,0.451,433352.821,1.08,468021.047,Mobile,ZA
2024-09-04,6942213,0.23,1596708,1.969,3143918.052,1.262,3967624.582,Mobile,RU
2024-09-05,7132435,0.398,2838709,0.645,1830967.305,1.218,2230118.177,Desktop,JP
2024-09-05,7221216,0.451,3256768,1.068,3478228.224,0.802,2789539.036,Desktop,BE
2024-09-06,877021,0.92,806859,0.344,277559.496,0.766,212610.574,Desktop,PL
2024-09-07,3500133,0.656,2296087,1.334,3062980.058,0.953,2919019.995,Desktop,UK
2024-09-08,558293,0.531,296453,1.68,498041.04,1.09,542864.734,Mobile,CN
2024-09-08,851199,0.614,522636,1.014,529952.904,1.049,555920.596,Mobile,ZA
2024-09-09,4341477,0.184,798831,0.282,225270.342,0.826,186073.302,Mobile,AU
2024-09-10,2716572,0.755,2051011,1.576,3232393.336,1.532,4952026.591,Desktop,AU
2024-09-10,5405907,0.828,4476090,1.49,6669374.1,1.181,7876530.812,Desktop,AT
2024-09-11,1171879,0.454,532033,0.509,270804.797,1.118,302759.763,Mobile,DE
2024-09-12,6832792,0.767,5240751,1.182,6194567.682,0.75,4645925.762,Mobile,SE
2024-09-13,3985090,0.178,709346,1.808,1282497.568,0.997,1278650.075,Desktop,AR
2024-09-13,2112077,0.469,990564,1.544,1529430.816,1.297,1983671.768,Desktop,IN
2024-09-14,3754480,0.846,3176290,1.001,3179466.29,1.489,4734225.306,Desktop,DE
2024-09-15,2178226,0.954,2078027,1.872,3890066.544,0.875,3403808.226,Mobile,CA
2024-09-16,7901422,0.573,4527514,2.192,9924310.688,1.087,10787725.718,Desktop,FI
2024-09-16,87256,0.882,76959,1.293,99507.987,1.509,150157.552,Desktop,AR
2024-09-17,8201282,0.512,4199056,2.315,9720814.64,1.523,14804800.697,Mobile,ZA
2024-09-18,5764255,0.494,2847541,0.67,1907852.47,1.049,2001337.241,Mobile,NL
2024-09-18,1118594,0.703,786371,1.827,1436699.817,1.495,2147866.226,Desktop,AU
2024-09-19,5947030,0.564,3354124,2.158,7238199.592,1.156,8367358.728,Desktop,SE
2024-09-20,5624856,0.849,4775502,1.714,8185210.428,1.082,8856397.683,Mobile,GR
2024-09-21,2017157,0.539,1087247,0.285,309865.395,1.223,378965.378,Mobile,RU
2024-09-21,3133397,0.55,1723368,0.607,1046084.376,1.271,1329573.242,Mobile,AT
2024-09-22,9319700,0.55,5125835,1.793,9190622.155,1.34,12315433.688,Mobile,VN
2024-09-23,8454553,0.996,8420734,0.744,6265026.096,1.307,8188389.107,Desktop,AE
2024-09-24,6399,0.414,2649,2.118,5610.582,0.84,4712.889,Desktop,PH
2024-09-24,769764,0.697,536525,2.015,1081097.875,1.533,1657323.042,Mobile,NZ
2024-09-25,7373622,0.972,7167160,0.769,5511546.04,1.148,6327254.854,Mobile,SE
2024-09-26,7658942,0.561,4296666,0.36,1546799.76,1.084,1676730.94,Mobile,MY
2024-09-27,2283327,0.738,1685095,1.056,1779460.32,1.442,2565981.781,Desktop,SE
2024-09-27,7680627,0.031,238099,1.977,470721.723,1.206,567690.398,Mobile,DK
2024-09-28,1139027,0.05,56951,0.191,10877.641,0.914,9942.164,Mobile,CA
2024-09-29,3681406,0.245,901944,2.121,1913023.224,0.777,1486419.045,Mobile,DE
2024-09-29,7186831,0.674,4843924,1.225,5933806.9,1.414,8390402.957,Mobile,ID
2024-09-30,793512,0.477,378505,2.318,877374.59,1.071,939668.186,Mobile,SE
2024-10-01,8122519,0.744,6043154,0.137,827912.098,1.006,832879.571,Desktop,AE
2024-10-02,870188,0.315,274109,0.94,257662.46,1.046,269514.933,Mobile,CA
2024-10-02,1911556,0.57,1089586,0.891,970821.126,0.831,806752.356,Desktop,FR
2024-10-03,7867427,0.969,7623536,2.039,15544389.904,1.35,20984926.37,Mobile,IN
2024-10-04,7674541,0.762,5848000,1.333,7795384.0,1.222,9525959.248,Desktop,DE
2024-10-05,3260814,0.657,2142354,1.662,3560592.348,0.818,2912564.541,Desktop,FR
2024-10-05,123545,0.456,56336,0.832,46871.552,1.321,61917.32,Mobile,DE
2024-10-06,6710691,0.589,3952596,0.437,1727284.452,0.906,1564919.714,Desktop,UK
2024-10-07,4639553,0.328,1521773,1.614,2456141.622,1.047,2571580.278,Desktop,MX
2024-10-07,2113201,0.848,1791994,1.909,3420916.546,1.131,3869056.614,Mobile,BR
2024-10-08,8416693,0.441,3711761,0.627,2327274.147,0.858,1996801.218,Mobile,FR
2024-10-09,3877362,0.657,2547426,0.459,1169268.534,1.064,1244101.72,Mobile,TR
2024-10-10,958606,0.105,100653,0.103,10367.259,1.107,11476.556,Mobile,DE
2024-10-10,8661360,0.441,3819659,1.292,4934999.428,1.277,6301994.27,Desktop,AR
2024-10-11,6855724,0.149,1021502,0.779,795750.058,1.338,1064713.578,Desktop,CH
2024-10-12,841591,0.362,304655,0.304,92615.12,0.871,80667.77,Mobile,RU
2024-10-13,8900155,0.029,258104,0.628,162089.312,1.008,163386.026,Desktop,NO
2024-10-13,9740081,0.415,4042133,0.927,3747057.291,0.764,2862751.77,Mobile,CA
2024-10-14,4686548,0.02,93730,0.747,70016.31,0.802,56153.081,Mobile,GR
2024-10-15,5203069,0.852,4433014,0.482,2136712.748,1.402,2995671.273,Desktop,FR
2024-10-16,8363592,0.665,5561788,0.799,4443868.612,1.25,5554835.765,Mobile,NL
2024-10-16,4972775,0.816,4057784,0.165,669534.36,1.526,1021709.433,Mobile,BE
2024-10-17,9721529,0.597,5803752,1.429,8293561.608,1.287,10673813.789,Mobile,BR
2024-10-18,5620338,0.604,3394684,0.541,1836524.044,1.238,2273616.766,Mobile,TR
2024-10-18,5909232,0.463,2735974,0.918,2511624.132,1.414,3551436.523,Mobile,ID
2024-10-19,1433752,0.576,825841,2.164,1787119.924,0.928,1658447.289,Mobile,ID
2024-10-20,4447769,0.784,3487050,0.189,659052.45,1.121,738797.796,Desktop,IN
2024-10-21,3288766,0.207,680774,0.265,180405.11,1.537,277282.654,Mobile,NL
2024-10-21,3068030,0.292,895864,1.941,1738872.024,1.504,2615263.524,Mobile,NL
2024-10-22,5989591,0.506,3030733,2.334,7073730.822,1.109,7844767.482,Mobile,SA
2024-10-23,2503704,0.446,1116651,0.22,245663.22,1.175,288654.284,Mobile,NO
2024-10-24,2820236,0.828,2335155,1.237,2888586.735,1.306,3772494.276,Desktop,RU
2024-10-24,8706295,0.214,1863147,0.962,1792347.414,1.468,2631166.004,Desktop,FI
2024-10-25,2570540,0.894,2298062,0.22,505573.64,0.976,493439.873,Desktop,BE
2024-10-26,9141888,0.53,4845200,0.794,3847088.8,0.978,3762452.846,Mobile,FI
2024-10-26,834671,0.88,734510,1.706,1253074.06,1.127,1412214.466,Desktop,DE
2024-10-27,9673852,0.461,4459645,1.812,8080876.74,1.312,10602110.283,Desktop,AT
2024-10-28,3064127,0.846,2592251,1.645,4264252.895,1.42,6055239.111,Desktop,NZ
2024-10-29,630365,0.283,178393,2.006,357856.358,0.885,316702.877,Desktop,SE
2024-10-29,1038463,0.346,359308,0.174,62519.592,1.339,83713.734,Mobile,BE
2024-10-30,5107707,0.547,2793915,1.439,4020443.685,0.866,3481704.231,Desktop,DK
2024-10-31,1734339,0.562,974698,1.286,1253461.628,0.799,1001515.841,Desktop,TH
2024-11-01,5891163,0.199,1172341,0.246,288395.886,1.075,310025.577,Mobile,SG
2024-11-01,1324024,0.838,1109532,1.791,1987171.812,1.085,2156081.416,Mobile,PT
2024-11-02,3693198,0.406,1499438,0.508,761714.504,0.997,759429.36,Mobile,DE
2024-11-03,4144752,0.366,1516979,1.206,1829476.674,1.179,2156952.999,Desktop,SG
2024-11-04,7975217,0.028,223306,0.914,204101.684,1.013,206755.006,Mobile,PL
2024-11-04,8316150,0.762,6336906,0.778,4930112.868,0.881,4343429.437,Mobile,SA
2024-11-05,7107066,0.409,2906789,1.831,5322330.659,1.218,6482598.743,Desktop,DE
2024-11-06,9219454,0.215,1982182,1.862,3690822.884,1.307,4823905.509,Mobile,FR
2024-11-06,6858683,0.173,1186552,0.488,579037.376,0.783,453386.265,Mobile,GR
2024-11-07,9148106,0.239,2186397,0.78,1705389.66,1.205,2054994.54,Mobile,SG
2024-11-08,2926923,0.401,1173696,1.782,2091526.272,1.106,2313228.057,Desktop,AU
2024-11-09,8714129,0.603,5254619,0.709,3725524.871,0.886,3300815.036,Mobile,SE
2024-11-09,6950723,0.638,4434561,1.999,8864687.439,1.498,13279301.784,Mobile,RU
2024-11-10,7281629,0.309,2250023,1.108,2493025.484,1.483,3697156.793,Desktop,NZ
2024-11-11,1058285,0.923,976797,1.327,1296209.619,1.444,1871726.69,Mobile,CH
2024-11-12,3654615,0.028,102329,0.229,23433.341,0.998,23386.474,Desktop,BR
2024-11-12,3793898,0.664,2519148,1.465,3690551.82,1.256,4635333.086,Desktop,CH
2024-11-13,6832911,0.976,6668921,1.092,7282461.732,0.933,6794536.796,Mobile,NZ
2024-11-14,2995944,0.426,1276272,1.385,1767636.72,1.267,2239595.724,Mobile,BR
2024-11-14,7717784,0.834,6436631,2.319,14926547.289,1.459,21777832.495,Mobile,ZA
2024-11-15,8328227,0.732,6096262,1.571,9577227.602,1.445,13839093.885,Desktop,US
2024-11-16,4330035,0.427,1848924,0.68,1257268.32,1.27,1596730.766,Desktop,VN
2024-11-17,2325596,0.337,783725,1.868,1463998.3,0.873,1278070.516,Desktop,UK
2024-11-17,184574,0.996,183835,1.072,197071.12,1.28,252251.034,Desktop,FR
2024-11-18,661066,0.314,207574,0.415,86143.21,0.841,72446.44,Desktop,KR
2024-11-19,6257188,0.487,3047250,1.014,3089911.5,1.498,4628687.427,Mobile,FR
2024-11-20,3418170,0.102,348653,1.298,452551.594,1.163,526317.504,Desktop,NO
2024-11-20,6194249,0.088,545093,1.02,555994.86,1.335,742253.138,Mobile,TR
2024-11-21,1768536,0.043,76047,0.627,47681.469,1.318,62844.176,Desktop,NL
2024-11-22,3787560,0.105,397693,0.241,95844.013,1.03,98719.333,Desktop,JP
2024-11-23,9236440,0.968,8940873,1.637,14636209.101,0.866,12674957.081,Mobile,PL
2024-11-23,758482,0.72,546107,1.329,725776.203,1.185,860044.801,Mobile,SG
2024-11-24,2587562,0.438,1133352,0.618,700411.536,0.974,682200.836,Desktop,CH
2024-11-25,8176518,0.421,3442314,1.209,4161757.626,1.334,5551784.673,Desktop,TH
2024-11-25,4362651,0.674,2940426,0.786,2311174.836,0.767,1772671.099,Desktop,UK
2024-11-26,7929320,0.793,6287950,0.346,2175630.7,0.937,2038565.966,Mobile,DE
2024-11-27,8454666,0.155,1310473,0.843,1104728.739,1.037,1145603.702,Desktop,NZ
2024-11-28,5104925,0.779,3976736,0.99,3936968.64,1.487,5854272.368,Desktop,NL
2024-11-28,2149917,0.57,1225452,1.267,1552647.684,1.466,2276181.505,Desktop,TR
2024-11-29,2340021,0.176,411843,2.105,866929.515,1.324,1147814.678,Mobile,IL
2024-11-30,8429583,0.848,7148286,1.685,12044861.91,1.28,15417423.245,Mobile,BR
2024-12-01,5404862,0.683,3691520,0.632,2333040.64,0.831,1938756.772,Mobile,CN
2024-12-01,575792,0.682,392690,0.518,203413.42,0.871,177173.089,Desktop,SE
2024-12-02,4933043,0.187,922479,1.152,1062695.808,1.452,1543034.313,Desktop,ES
2024-12-03,5101613,0.566,2887512,1.457,4207104.984,0.784,3298370.307,Mobile,CH
2024-12-03,5691307,0.146,830930,2.005,1666014.65,1.273,2120836.649,Desktop,BR
2024-12-04,7540887,0.987,7442855,0.368,2738970.64,1.167,3196378.737,Desktop,VN
2024-12-05,7977796,0.892,7116194,1.566,11143959.804,0.868,9672957.11,Mobile,DE
2024-12-06,7754866,0.364,2822771,1.668,4708382.028,1.042,4906134.073,Desktop,ES
2024-12-06,8940667,0.444,3969656,2.341,9292964.696,1.369,12722068.669,Mobile,BR
2024-12-07,7201977,0.797,5739975,0.805,4620679.875,1.456,6727709.898,Mobile,DK
2024-12-08,2594940,0.734,1904685,0.839,1598030.715,0.941,1503746.903,Desktop,PH
2024-12-09,5096418,0.226,1151790,0.822,946771.38,1.364,1291396.162,Desktop,CH
2024-12-09,7149551,0.284,2030472,1.06,2152300.32,1.125,2421337.86,Desktop,UK
2024-12-10,101079,0.314,31738,0.99,31420.62,0.987,31012.152,Mobile,CH
2024-12-11,2464836,0.019,46831,0.99,46362.69,0.825,38249.219,Mobile,AU
2024-12-12,2841574,0.929,2639822,1.248,3294497.856,0.761,2507112.868,Desktop,AT
2024-12-12,7487931,0.446,3339617,0.278,928413.526,0.871,808648.181,Mobile,ES
2024-12-13,1480799,0.504,746322,1.09,813490.98,1.411,1147835.773,Desktop,US
2024-12-14,5470623,0.18,984712,1.79,1762634.48,1.051,1852528.838,Mobile,BR
2024-12-14,6979074,0.724,5052849,1.905,9625677.345,0.868,8355087.935,Mobile,JP
2024-12-15,8867589,0.159,1409946,1.814,2557642.044,0.807,2064017.13,Desktop,DK
2024-12-16,168984,0.303,51202,0.747,38247.894,1.473,56339.148,Desktop,BE
2024-12-17,3254856,0.339,1103396,1.309,1444345.364,0.753,1087592.059,Mobile,CN
2024-12-17,6664753,0.345,2299339,1.195,2747710.105,1.323,3635220.469,Mobile,VN
2024-12-18,1409441,0.735,1035939,1.475,1528010.025,1.386,2117821.895,Mobile,JP
2024-12-19,2311031,0.936,2163125,0.353,763583.125,1.016,775800.455,Desktop,TR
2024-12-20,7508085,0.487,3656437,0.132,482649.684,0.903,435832.665,Mobile,IN
2024-12-20,7666370,0.896,6869067,1.396,9589217.532,1.231,11804326.782,Mobile,NL
2024-12-21,7526398,0.104,782745,0.756,591755.22,0.9,532579.698,Desktop,PT
2024-12-22,4750394,0.836,3971329,2.073,8232565.017,0.756,6223819.153,Desktop,VN
2024-12-22,4388383,0.476,2088870,0.575,1201100.25,1.28,1537408.32,Mobile,IL
2024-12-23,1590437,0.835,1328014,1.978,2626811.692,0.924,2427174.003,Desktop,US
2024-12-24,3292226,0.709,2334188,1.392,3249189.696,0.839,2726070.155,Desktop,SG
2024-12-25,6991234,0.774,5411215,0.182,984841.13,1.186,1168021.58,Desktop,CH
2024-12-25,9739901,0.841,8191256,0.429,3514048.824,0.851,2990455.549,Desktop,FI
2024-12-26,2863687,0.478,1368842,0.453,620085.426,1.307,810451.652,Desktop,IL
2024-12-27,2243802,0.051,114433,0.472,54012.376,0.777,41967.616,Mobile,ES
2024-12-28,5241380,0.936,4905931,0.859,4214194.729,1.278,5385740.864,Desktop,GR
2024-12-28,4124979,0.69,2846235,1.824,5191532.64,1.288,6686694.04,Mobile,VN
2024-12-29,9004132,0.099,891409,0.553,492949.177,1.548,763085.326,Desktop,DE
2024-12-30,9885179,0.031,306440,1.911,585606.84,1.438,842102.636,Mobile,UK
2024-12-31,8644276,0.284,2454974,0.18,441895.32,1.06,468409.039,Mobile,CH
